,Date,adj_close,close,low,high,open,volume
0,2017-04-26,,,,,,
1,2017-04-27,,,,,,
2,2017-04-28,,,,,,
3,2017-04-29,,,,,,
4,2017-04-30,,,,,,
5,2017-05-01,,,,,,
6,2017-05-02,,,,,,
7,2017-05-03,,,,,,
8,2017-05-04,,,,,,
9,2017-05-05,,,,,,
10,2017-05-06,,,,,,
11,2017-05-07,,,,,,
12,2017-05-08,,,,,,
13,2017-05-09,,,,,,
14,2017-05-10,,,,,,
15,2017-05-11,,,,,,
16,2017-05-12,,,,,,
17,2017-05-13,,,,,,
18,2017-05-14,,,,,,
19,2017-05-15,,,,,,
20,2017-05-16,,,,,,
21,2017-05-17,,,,,,
22,2017-05-18,,,,,,
23,2017-05-19,,,,,,
24,2017-05-20,,,,,,
25,2017-05-21,,,,,,
26,2017-05-22,,,,,,
27,2017-05-23,,,,,,
28,2017-05-24,,,,,,
29,2017-05-25,,,,,,
30,2017-05-26,,,,,,
31,2017-05-27,,,,,,
32,2017-05-28,,,,,,
33,2017-05-29,,,,,,
34,2017-05-30,,,,,,
35,2017-05-31,,,,,,
36,2017-06-01,,,,,,
37,2017-06-02,,,,,,
38,2017-06-03,,,,,,
39,2017-06-04,,,,,,
40,2017-06-05,,,,,,
41,2017-06-06,,,,,,
42,2017-06-07,,,,,,
43,2017-06-08,,,,,,
44,2017-06-09,,,,,,
45,2017-06-10,,,,,,
46,2017-06-11,,,,,,
47,2017-06-12,,,,,,
48,2017-06-13,,,,,,
49,2017-06-14,,,,,,
50,2017-06-15,,,,,,
51,2017-06-16,,,,,,
52,2017-06-17,,,,,,
53,2017-06-18,,,,,,
54,2017-06-19,,,,,,
55,2017-06-20,,,,,,
56,2017-06-21,,,,,,
57,2017-06-22,,,,,,
58,2017-06-23,,,,,,
59,2017-06-24,,,,,,
60,2017-06-25,,,,,,
61,2017-06-26,,,,,,
62,2017-06-27,,,,,,
63,2017-06-28,,,,,,
64,2017-06-29,,,,,,
65,2017-06-30,,,,,,
66,2017-07-01,,,,,,
67,2017-07-02,,,,,,
68,2017-07-03,,,,,,
69,2017-07-04,,,,,,
70,2017-07-05,,,,,,
71,2017-07-06,,,,,,
72,2017-07-07,,,,,,
73,2017-07-08,,,,,,
74,2017-07-09,,,,,,
75,2017-07-10,,,,,,
76,2017-07-11,,,,,,
77,2017-07-12,,,,,,
78,2017-07-13,,,,,,
79,2017-07-14,,,,,,
80,2017-07-15,,,,,,
81,2017-07-16,,,,,,
82,2017-07-17,,,,,,
83,2017-07-18,,,,,,
84,2017-07-19,,,,,,
85,2017-07-20,,,,,,
86,2017-07-21,,,,,,
87,2017-07-22,,,,,,
88,2017-07-23,,,,,,
89,2017-07-24,,,,,,
90,2017-07-25,,,,,,
91,2017-07-26,,,,,,
92,2017-07-27,,,,,,
93,2017-07-28,,,,,,
94,2017-07-29,,,,,,
95,2017-07-30,,,,,,
96,2017-07-31,,,,,,
97,2017-08-01,,,,,,
98,2017-08-02,,,,,,
99,2017-08-03,,,,,,
100,2017-08-04,,,,,,
101,2017-08-05,,,,,,
102,2017-08-06,,,,,,
103,2017-08-07,,,,,,
104,2017-08-08,,,,,,
105,2017-08-09,,,,,,
106,2017-08-10,,,,,,
107,2017-08-11,,,,,,
108,2017-08-12,,,,,,
109,2017-08-13,,,,,,
110,2017-08-14,,,,,,
111,2017-08-15,,,,,,
112,2017-08-16,,,,,,
113,2017-08-17,,,,,,
114,2017-08-18,,,,,,
115,2017-08-19,,,,,,
116,2017-08-20,,,,,,
117,2017-08-21,,,,,,
118,2017-08-22,,,,,,
119,2017-08-23,,,,,,
120,2017-08-24,,,,,,
121,2017-08-25,,,,,,
122,2017-08-26,,,,,,
123,2017-08-27,,,,,,
124,2017-08-28,,,,,,
125,2017-08-29,,,,,,
126,2017-08-30,,,,,,
127,2017-08-31,,,,,,
128,2017-09-01,,,,,,
129,2017-09-02,,,,,,
130,2017-09-03,,,,,,
131,2017-09-04,,,,,,
132,2017-09-05,,,,,,
133,2017-09-06,,,,,,
134,2017-09-07,,,,,,
135,2017-09-08,,,,,,
136,2017-09-09,,,,,,
137,2017-09-10,,,,,,
138,2017-09-11,,,,,,
139,2017-09-12,,,,,,
140,2017-09-13,,,,,,
141,2017-09-14,,,,,,
142,2017-09-15,,,,,,
143,2017-09-16,,,,,,
144,2017-09-17,,,,,,
145,2017-09-18,,,,,,
146,2017-09-19,,,,,,
147,2017-09-20,,,,,,
148,2017-09-21,,,,,,
149,2017-09-22,,,,,,
150,2017-09-23,,,,,,
151,2017-09-24,,,,,,
152,2017-09-25,,,,,,
153,2017-09-26,,,,,,
154,2017-09-27,,,,,,
155,2017-09-28,,,,,,
156,2017-09-29,,,,,,
157,2017-09-30,,,,,,
158,2017-10-01,,,,,,
159,2017-10-02,,,,,,
160,2017-10-03,,,,,,
161,2017-10-04,,,,,,
162,2017-10-05,,,,,,
163,2017-10-06,,,,,,
164,2017-10-07,,,,,,
165,2017-10-08,,,,,,
166,2017-10-09,,,,,,
167,2017-10-10,,,,,,
168,2017-10-11,,,,,,
169,2017-10-12,,,,,,
170,2017-10-13,,,,,,
171,2017-10-14,,,,,,
172,2017-10-15,,,,,,
173,2017-10-16,,,,,,
174,2017-10-17,,,,,,
175,2017-10-18,,,,,,
176,2017-10-19,,,,,,
177,2017-10-20,,,,,,
178,2017-10-21,,,,,,
179,2017-10-22,,,,,,
180,2017-10-23,,,,,,
181,2017-10-24,,,,,,
182,2017-10-25,,,,,,
183,2017-10-26,,,,,,
184,2017-10-27,,,,,,
185,2017-10-28,,,,,,
186,2017-10-29,,,,,,
187,2017-10-30,,,,,,
188,2017-10-31,,,,,,
189,2017-11-01,,,,,,
190,2017-11-02,,,,,,
191,2017-11-03,,,,,,
192,2017-11-04,,,,,,
193,2017-11-05,,,,,,
194,2017-11-06,,,,,,
195,2017-11-07,,,,,,
196,2017-11-08,,,,,,
197,2017-11-09,,,,,,
198,2017-11-10,,,,,,
199,2017-11-11,,,,,,
200,2017-11-12,,,,,,
201,2017-11-13,,,,,,
202,2017-11-14,,,,,,
203,2017-11-15,,,,,,
204,2017-11-16,,,,,,
205,2017-11-17,,,,,,
206,2017-11-18,,,,,,
207,2017-11-19,,,,,,
208,2017-11-20,,,,,,
209,2017-11-21,,,,,,
210,2017-11-22,,,,,,
211,2017-11-23,,,,,,
212,2017-11-24,,,,,,
213,2017-11-25,,,,,,
214,2017-11-26,,,,,,
215,2017-11-27,,,,,,
216,2017-11-28,,,,,,
217,2017-11-29,,,,,,
218,2017-11-30,,,,,,
219,2017-12-01,,,,,,
220,2017-12-02,,,,,,
221,2017-12-03,,,,,,
222,2017-12-04,,,,,,
223,2017-12-05,,,,,,
224,2017-12-06,,,,,,
225,2017-12-07,,,,,,
226,2017-12-08,,,,,,
227,2017-12-09,,,,,,
228,2017-12-10,,,,,,
229,2017-12-11,,,,,,
230,2017-12-12,,,,,,
231,2017-12-13,,,,,,
232,2017-12-14,,,,,,
233,2017-12-15,,,,,,
234,2017-12-16,,,,,,
235,2017-12-17,,,,,,
236,2017-12-18,,,,,,
237,2017-12-19,,,,,,
238,2017-12-20,,,,,,
239,2017-12-21,,,,,,
240,2017-12-22,,,,,,
241,2017-12-23,,,,,,
242,2017-12-24,,,,,,
243,2017-12-25,,,,,,
244,2017-12-26,,,,,,
245,2017-12-27,,,,,,
246,2017-12-28,,,,,,
247,2017-12-29,,,,,,
248,2017-12-30,,,,,,
249,2017-12-31,,,,,,
250,2018-01-01,,,,,,
251,2018-01-02,,,,,,
252,2018-01-03,,,,,,
253,2018-01-04,,,,,,
254,2018-01-05,,,,,,
255,2018-01-06,,,,,,
256,2018-01-07,,,,,,
257,2018-01-08,,,,,,
258,2018-01-09,,,,,,
259,2018-01-10,,,,,,
260,2018-01-11,,,,,,
261,2018-01-12,,,,,,
262,2018-01-13,,,,,,
263,2018-01-14,,,,,,
264,2018-01-15,,,,,,
265,2018-01-16,,,,,,
266,2018-01-17,,,,,,
267,2018-01-18,,,,,,
268,2018-01-19,,,,,,
269,2018-01-20,,,,,,
270,2018-01-21,,,,,,
271,2018-01-22,,,,,,
272,2018-01-23,,,,,,
273,2018-01-24,,,,,,
274,2018-01-25,,,,,,
275,2018-01-26,,,,,,
276,2018-01-27,,,,,,
277,2018-01-28,,,,,,
278,2018-01-29,,,,,,
279,2018-01-30,,,,,,
280,2018-01-31,,,,,,
281,2018-02-01,,,,,,
282,2018-02-02,,,,,,
283,2018-02-03,,,,,,
284,2018-02-04,,,,,,
285,2018-02-05,,,,,,
286,2018-02-06,,,,,,
287,2018-02-07,,,,,,
288,2018-02-08,,,,,,
289,2018-02-09,,,,,,
290,2018-02-10,,,,,,
291,2018-02-11,,,,,,
292,2018-02-12,,,,,,
293,2018-02-13,,,,,,
294,2018-02-14,,,,,,
295,2018-02-15,,,,,,
296,2018-02-16,,,,,,
297,2018-02-17,,,,,,
298,2018-02-18,,,,,,
299,2018-02-19,,,,,,
300,2018-02-20,,,,,,
301,2018-02-21,,,,,,
302,2018-02-22,,,,,,
303,2018-02-23,,,,,,
304,2018-02-24,,,,,,
305,2018-02-25,,,,,,
306,2018-02-26,,,,,,
307,2018-02-27,,,,,,
308,2018-02-28,,,,,,
309,2018-03-01,,,,,,
310,2018-03-02,,,,,,
311,2018-03-03,,,,,,
312,2018-03-04,,,,,,
313,2018-03-05,,,,,,
314,2018-03-06,,,,,,
315,2018-03-07,,,,,,
316,2018-03-08,,,,,,
317,2018-03-09,,,,,,
318,2018-03-10,,,,,,
319,2018-03-11,,,,,,
320,2018-03-12,,,,,,
321,2018-03-13,,,,,,
322,2018-03-14,,,,,,
323,2018-03-15,,,,,,
324,2018-03-16,,,,,,
325,2018-03-17,,,,,,
326,2018-03-18,,,,,,
327,2018-03-19,,,,,,
328,2018-03-20,,,,,,
329,2018-03-21,,,,,,
330,2018-03-22,,,,,,
331,2018-03-23,,,,,,
332,2018-03-24,,,,,,
333,2018-03-25,,,,,,
334,2018-03-26,,,,,,
335,2018-03-27,,,,,,
336,2018-03-28,,,,,,
337,2018-03-29,,,,,,
338,2018-03-30,,,,,,
339,2018-03-31,,,,,,
340,2018-04-01,,,,,,
341,2018-04-02,,,,,,
342,2018-04-03,,,,,,
343,2018-04-04,,,,,,
344,2018-04-05,,,,,,
345,2018-04-06,,,,,,
346,2018-04-07,,,,,,
347,2018-04-08,,,,,,
348,2018-04-09,,,,,,
349,2018-04-10,,,,,,
350,2018-04-11,,,,,,
351,2018-04-12,,,,,,
352,2018-04-13,,,,,,
353,2018-04-14,,,,,,
354,2018-04-15,,,,,,
355,2018-04-16,,,,,,
356,2018-04-17,,,,,,
357,2018-04-18,,,,,,
358,2018-04-19,,,,,,
359,2018-04-20,,,,,,
360,2018-04-21,,,,,,
361,2018-04-22,,,,,,
362,2018-04-23,,,,,,
363,2018-04-24,,,,,,
364,2018-04-25,,,,,,
365,2018-04-26,,,,,,
366,2018-04-27,,,,,,
367,2018-04-28,,,,,,
368,2018-04-29,,,,,,
369,2018-04-30,,,,,,
370,2018-05-01,,,,,,
371,2018-05-02,,,,,,
372,2018-05-03,,,,,,
373,2018-05-04,,,,,,
374,2018-05-05,,,,,,
375,2018-05-06,,,,,,
376,2018-05-07,,,,,,
377,2018-05-08,,,,,,
378,2018-05-09,,,,,,
379,2018-05-10,,,,,,
380,2018-05-11,,,,,,
381,2018-05-12,,,,,,
382,2018-05-13,,,,,,
383,2018-05-14,,,,,,
384,2018-05-15,,,,,,
385,2018-05-16,,,,,,
386,2018-05-17,,,,,,
387,2018-05-18,,,,,,
388,2018-05-19,,,,,,
389,2018-05-20,,,,,,
390,2018-05-21,,,,,,
391,2018-05-22,,,,,,
392,2018-05-23,,,,,,
393,2018-05-24,,,,,,
394,2018-05-25,,,,,,
395,2018-05-26,,,,,,
396,2018-05-27,,,,,,
397,2018-05-28,,,,,,
398,2018-05-29,,,,,,
399,2018-05-30,,,,,,
400,2018-05-31,,,,,,
401,2018-06-01,,,,,,
402,2018-06-02,,,,,,
403,2018-06-03,,,,,,
404,2018-06-04,,,,,,
405,2018-06-05,,,,,,
406,2018-06-06,,,,,,
407,2018-06-07,,,,,,
408,2018-06-08,,,,,,
409,2018-06-09,,,,,,
410,2018-06-10,,,,,,
411,2018-06-11,,,,,,
412,2018-06-12,,,,,,
413,2018-06-13,,,,,,
414,2018-06-14,,,,,,
415,2018-06-15,,,,,,
416,2018-06-16,,,,,,
417,2018-06-17,,,,,,
418,2018-06-18,,,,,,
419,2018-06-19,,,,,,
420,2018-06-20,,,,,,
421,2018-06-21,,,,,,
422,2018-06-22,,,,,,
423,2018-06-23,,,,,,
424,2018-06-24,,,,,,
425,2018-06-25,,,,,,
426,2018-06-26,,,,,,
427,2018-06-27,,,,,,
428,2018-06-28,,,,,,
429,2018-06-29,,,,,,
430,2018-06-30,,,,,,
431,2018-07-01,,,,,,
432,2018-07-02,,,,,,
433,2018-07-03,,,,,,
434,2018-07-04,,,,,,
435,2018-07-05,,,,,,
436,2018-07-06,,,,,,
437,2018-07-07,,,,,,
438,2018-07-08,,,,,,
439,2018-07-09,,,,,,
440,2018-07-10,,,,,,
441,2018-07-11,,,,,,
442,2018-07-12,,,,,,
443,2018-07-13,,,,,,
444,2018-07-14,,,,,,
445,2018-07-15,,,,,,
446,2018-07-16,,,,,,
447,2018-07-17,,,,,,
448,2018-07-18,,,,,,
449,2018-07-19,,,,,,
450,2018-07-20,,,,,,
451,2018-07-21,,,,,,
452,2018-07-22,,,,,,
453,2018-07-23,,,,,,
454,2018-07-24,,,,,,
455,2018-07-25,,,,,,
456,2018-07-26,,,,,,
457,2018-07-27,,,,,,
458,2018-07-28,,,,,,
459,2018-07-29,,,,,,
460,2018-07-30,,,,,,
461,2018-07-31,,,,,,
462,2018-08-01,,,,,,
463,2018-08-02,,,,,,
464,2018-08-03,,,,,,
465,2018-08-04,,,,,,
466,2018-08-05,,,,,,
467,2018-08-06,,,,,,
468,2018-08-07,,,,,,
469,2018-08-08,,,,,,
470,2018-08-09,,,,,,
471,2018-08-10,,,,,,
472,2018-08-11,,,,,,
473,2018-08-12,,,,,,
474,2018-08-13,,,,,,
475,2018-08-14,,,,,,
476,2018-08-15,,,,,,
477,2018-08-16,,,,,,
478,2018-08-17,,,,,,
479,2018-08-18,,,,,,
480,2018-08-19,,,,,,
481,2018-08-20,,,,,,
482,2018-08-21,,,,,,
483,2018-08-22,,,,,,
484,2018-08-23,,,,,,
485,2018-08-24,,,,,,
486,2018-08-25,,,,,,
487,2018-08-26,,,,,,
488,2018-08-27,,,,,,
489,2018-08-28,,,,,,
490,2018-08-29,,,,,,
491,2018-08-30,,,,,,
492,2018-08-31,,,,,,
493,2018-09-01,,,,,,
494,2018-09-02,,,,,,
495,2018-09-03,,,,,,
496,2018-09-04,,,,,,
497,2018-09-05,,,,,,
498,2018-09-06,,,,,,
499,2018-09-07,,,,,,
500,2018-09-08,,,,,,
501,2018-09-09,,,,,,
502,2018-09-10,,,,,,
503,2018-09-11,,,,,,
504,2018-09-12,,,,,,
505,2018-09-13,,,,,,
506,2018-09-14,,,,,,
507,2018-09-15,,,,,,
508,2018-09-16,,,,,,
509,2018-09-17,,,,,,
510,2018-09-18,,,,,,
511,2018-09-19,,,,,,
512,2018-09-20,,,,,,
513,2018-09-21,,,,,,
514,2018-09-22,,,,,,
515,2018-09-23,,,,,,
516,2018-09-24,,,,,,
517,2018-09-25,,,,,,
518,2018-09-26,,,,,,
519,2018-09-27,,,,,,
520,2018-09-28,,,,,,
521,2018-09-29,,,,,,
522,2018-09-30,,,,,,
523,2018-10-01,,,,,,
524,2018-10-02,,,,,,
525,2018-10-03,,,,,,
526,2018-10-04,,,,,,
527,2018-10-05,,,,,,
528,2018-10-06,,,,,,
529,2018-10-07,,,,,,
530,2018-10-08,,,,,,
531,2018-10-09,,,,,,
532,2018-10-10,,,,,,
533,2018-10-11,,,,,,
534,2018-10-12,,,,,,
535,2018-10-13,,,,,,
536,2018-10-14,,,,,,
537,2018-10-15,,,,,,
538,2018-10-16,,,,,,
539,2018-10-17,,,,,,
540,2018-10-18,,,,,,
541,2018-10-19,,,,,,
542,2018-10-20,,,,,,
543,2018-10-21,,,,,,
544,2018-10-22,,,,,,
545,2018-10-23,,,,,,
546,2018-10-24,,,,,,
547,2018-10-25,,,,,,
548,2018-10-26,,,,,,
549,2018-10-27,,,,,,
550,2018-10-28,,,,,,
551,2018-10-29,,,,,,
552,2018-10-30,,,,,,
553,2018-10-31,,,,,,
554,2018-11-01,,,,,,
555,2018-11-02,,,,,,
556,2018-11-03,,,,,,
557,2018-11-04,,,,,,
558,2018-11-05,,,,,,
559,2018-11-06,,,,,,
560,2018-11-07,,,,,,
561,2018-11-08,,,,,,
562,2018-11-09,,,,,,
563,2018-11-10,,,,,,
564,2018-11-11,,,,,,
565,2018-11-12,,,,,,
566,2018-11-13,,,,,,
567,2018-11-14,,,,,,
568,2018-11-15,,,,,,
569,2018-11-16,,,,,,
570,2018-11-17,,,,,,
571,2018-11-18,,,,,,
572,2018-11-19,,,,,,
573,2018-11-20,,,,,,
574,2018-11-21,,,,,,
575,2018-11-22,,,,,,
576,2018-11-23,,,,,,
577,2018-11-24,,,,,,
578,2018-11-25,,,,,,
579,2018-11-26,,,,,,
580,2018-11-27,,,,,,
581,2018-11-28,,,,,,
582,2018-11-29,,,,,,
583,2018-11-30,,,,,,
584,2018-12-01,,,,,,
585,2018-12-02,,,,,,
586,2018-12-03,,,,,,
587,2018-12-04,,,,,,
588,2018-12-05,,,,,,
589,2018-12-06,,,,,,
590,2018-12-07,,,,,,
591,2018-12-08,,,,,,
592,2018-12-09,,,,,,
593,2018-12-10,,,,,,
594,2018-12-11,,,,,,
595,2018-12-12,,,,,,
596,2018-12-13,,,,,,
597,2018-12-14,,,,,,
598,2018-12-15,,,,,,
599,2018-12-16,,,,,,
600,2018-12-17,,,,,,
601,2018-12-18,,,,,,
602,2018-12-19,,,,,,
603,2018-12-20,,,,,,
604,2018-12-21,,,,,,
605,2018-12-22,,,,,,
606,2018-12-23,,,,,,
607,2018-12-24,,,,,,
608,2018-12-25,,,,,,
609,2018-12-26,,,,,,
610,2018-12-27,,,,,,
611,2018-12-28,,,,,,
612,2018-12-29,,,,,,
613,2018-12-30,,,,,,
614,2018-12-31,,,,,,
615,2019-01-01,,,,,,
616,2019-01-02,,,,,,
617,2019-01-03,,,,,,
618,2019-01-04,,,,,,
619,2019-01-05,,,,,,
620,2019-01-06,,,,,,
621,2019-01-07,,,,,,
622,2019-01-08,,,,,,
623,2019-01-09,,,,,,
624,2019-01-10,,,,,,
625,2019-01-11,,,,,,
626,2019-01-12,,,,,,
627,2019-01-13,,,,,,
628,2019-01-14,,,,,,
629,2019-01-15,,,,,,
630,2019-01-16,,,,,,
631,2019-01-17,,,,,,
632,2019-01-18,,,,,,
633,2019-01-19,,,,,,
634,2019-01-20,,,,,,
635,2019-01-21,,,,,,
636,2019-01-22,,,,,,
637,2019-01-23,,,,,,
638,2019-01-24,,,,,,
639,2019-01-25,,,,,,
640,2019-01-26,,,,,,
641,2019-01-27,,,,,,
642,2019-01-28,,,,,,
643,2019-01-29,,,,,,
644,2019-01-30,,,,,,
645,2019-01-31,,,,,,
646,2019-02-01,,,,,,
647,2019-02-02,,,,,,
648,2019-02-03,,,,,,
649,2019-02-04,,,,,,
650,2019-02-05,,,,,,
651,2019-02-06,,,,,,
652,2019-02-07,,,,,,
653,2019-02-08,,,,,,
654,2019-02-09,,,,,,
655,2019-02-10,,,,,,
656,2019-02-11,,,,,,
657,2019-02-12,,,,,,
658,2019-02-13,,,,,,
659,2019-02-14,,,,,,
660,2019-02-15,,,,,,
661,2019-02-16,,,,,,
662,2019-02-17,,,,,,
663,2019-02-18,,,,,,
664,2019-02-19,,,,,,
665,2019-02-20,,,,,,
666,2019-02-21,,,,,,
667,2019-02-22,,,,,,
668,2019-02-23,,,,,,
669,2019-02-24,,,,,,
670,2019-02-25,,,,,,
671,2019-02-26,,,,,,
672,2019-02-27,,,,,,
673,2019-02-28,,,,,,
674,2019-03-01,,,,,,
675,2019-03-02,,,,,,
676,2019-03-03,,,,,,
677,2019-03-04,,,,,,
678,2019-03-05,,,,,,
679,2019-03-06,,,,,,
680,2019-03-07,,,,,,
681,2019-03-08,,,,,,
682,2019-03-09,,,,,,
683,2019-03-10,,,,,,
684,2019-03-11,,,,,,
685,2019-03-12,,,,,,
686,2019-03-13,,,,,,
687,2019-03-14,,,,,,
688,2019-03-15,,,,,,
689,2019-03-16,,,,,,
690,2019-03-17,,,,,,
691,2019-03-18,,,,,,
692,2019-03-19,,,,,,
693,2019-03-20,,,,,,
694,2019-03-21,,,,,,
695,2019-03-22,,,,,,
696,2019-03-23,,,,,,
697,2019-03-24,,,,,,
698,2019-03-25,,,,,,
699,2019-03-26,,,,,,
700,2019-03-27,,,,,,
701,2019-03-28,,,,,,
702,2019-03-29,,,,,,
703,2019-03-30,,,,,,
704,2019-03-31,,,,,,
705,2019-04-01,,,,,,
706,2019-04-02,,,,,,
707,2019-04-03,,,,,,
708,2019-04-04,,,,,,
709,2019-04-05,,,,,,
710,2019-04-06,,,,,,
711,2019-04-07,,,,,,
712,2019-04-08,,,,,,
713,2019-04-09,,,,,,
714,2019-04-10,,,,,,
715,2019-04-11,,,,,,
716,2019-04-12,,,,,,
717,2019-04-13,,,,,,
718,2019-04-14,,,,,,
719,2019-04-15,,,,,,
720,2019-04-16,,,,,,
721,2019-04-17,,,,,,
722,2019-04-18,,,,,,
723,2019-04-19,,,,,,
724,2019-04-20,,,,,,
725,2019-04-21,,,,,,
726,2019-04-22,,,,,,
727,2019-04-23,,,,,,
728,2019-04-24,,,,,,
729,2019-04-25,,,,,,
730,2019-04-26,,,,,,
731,2019-04-27,,,,,,
732,2019-04-28,,,,,,
733,2019-04-29,,,,,,
734,2019-04-30,,,,,,
735,2019-05-01,,,,,,
736,2019-05-02,,,,,,
737,2019-05-03,,,,,,
738,2019-05-04,,,,,,
739,2019-05-05,,,,,,
740,2019-05-06,,,,,,
741,2019-05-07,,,,,,
742,2019-05-08,,,,,,
743,2019-05-09,,,,,,
744,2019-05-10,,,,,,
745,2019-05-11,,,,,,
746,2019-05-12,,,,,,
747,2019-05-13,,,,,,
748,2019-05-14,,,,,,
749,2019-05-15,,,,,,
750,2019-05-16,,,,,,
751,2019-05-17,,,,,,
752,2019-05-18,,,,,,
753,2019-05-19,,,,,,
754,2019-05-20,,,,,,
755,2019-05-21,,,,,,
756,2019-05-22,,,,,,
757,2019-05-23,,,,,,
758,2019-05-24,,,,,,
759,2019-05-25,,,,,,
760,2019-05-26,,,,,,
761,2019-05-27,,,,,,
762,2019-05-28,,,,,,
763,2019-05-29,,,,,,
764,2019-05-30,,,,,,
765,2019-05-31,,,,,,
766,2019-06-01,,,,,,
767,2019-06-02,,,,,,
768,2019-06-03,,,,,,
769,2019-06-04,,,,,,
770,2019-06-05,,,,,,
771,2019-06-06,,,,,,
772,2019-06-07,,,,,,
773,2019-06-08,,,,,,
774,2019-06-09,,,,,,
775,2019-06-10,,,,,,
776,2019-06-11,,,,,,
777,2019-06-12,,,,,,
778,2019-06-13,,,,,,
779,2019-06-14,,,,,,
780,2019-06-15,,,,,,
781,2019-06-16,,,,,,
782,2019-06-17,,,,,,
783,2019-06-18,,,,,,
784,2019-06-19,,,,,,
785,2019-06-20,,,,,,
786,2019-06-21,,,,,,
787,2019-06-22,,,,,,
788,2019-06-23,,,,,,
789,2019-06-24,,,,,,
790,2019-06-25,,,,,,
791,2019-06-26,,,,,,
792,2019-06-27,,,,,,
793,2019-06-28,,,,,,
794,2019-06-29,,,,,,
795,2019-06-30,,,,,,
796,2019-07-01,,,,,,
797,2019-07-02,,,,,,
798,2019-07-03,,,,,,
799,2019-07-04,,,,,,
800,2019-07-05,,,,,,
801,2019-07-06,,,,,,
802,2019-07-07,,,,,,
803,2019-07-08,,,,,,
804,2019-07-09,,,,,,
805,2019-07-10,,,,,,
806,2019-07-11,,,,,,
807,2019-07-12,,,,,,
808,2019-07-13,,,,,,
809,2019-07-14,,,,,,
810,2019-07-15,,,,,,
811,2019-07-16,,,,,,
812,2019-07-17,,,,,,
813,2019-07-18,,,,,,
814,2019-07-19,,,,,,
815,2019-07-20,,,,,,
816,2019-07-21,,,,,,
817,2019-07-22,,,,,,
818,2019-07-23,,,,,,
819,2019-07-24,,,,,,
820,2019-07-25,,,,,,
821,2019-07-26,,,,,,
822,2019-07-27,,,,,,
823,2019-07-28,,,,,,
824,2019-07-29,,,,,,
825,2019-07-30,,,,,,
826,2019-07-31,,,,,,
827,2019-08-01,,,,,,
828,2019-08-02,,,,,,
829,2019-08-03,,,,,,
830,2019-08-04,,,,,,
831,2019-08-05,,,,,,
832,2019-08-06,,,,,,
833,2019-08-07,,,,,,
834,2019-08-08,,,,,,
835,2019-08-09,,,,,,
836,2019-08-10,,,,,,
837,2019-08-11,,,,,,
838,2019-08-12,,,,,,
839,2019-08-13,,,,,,
840,2019-08-14,,,,,,
841,2019-08-15,,,,,,
842,2019-08-16,,,,,,
843,2019-08-17,,,,,,
844,2019-08-18,,,,,,
845,2019-08-19,,,,,,
846,2019-08-20,,,,,,
847,2019-08-21,,,,,,
848,2019-08-22,,,,,,
849,2019-08-23,,,,,,
850,2019-08-24,,,,,,
851,2019-08-25,,,,,,
852,2019-08-26,,,,,,
853,2019-08-27,,,,,,
854,2019-08-28,,,,,,
855,2019-08-29,,,,,,
856,2019-08-30,,,,,,
857,2019-08-31,,,,,,
858,2019-09-01,,,,,,
859,2019-09-02,,,,,,
860,2019-09-03,,,,,,
861,2019-09-04,,,,,,
862,2019-09-05,,,,,,
863,2019-09-06,,,,,,
864,2019-09-07,,,,,,
865,2019-09-08,,,,,,
866,2019-09-09,,,,,,
867,2019-09-10,,,,,,
868,2019-09-11,,,,,,
869,2019-09-12,,,,,,
870,2019-09-13,,,,,,
871,2019-09-14,,,,,,
872,2019-09-15,,,,,,
873,2019-09-16,,,,,,
874,2019-09-17,,,,,,
875,2019-09-18,,,,,,
876,2019-09-19,,,,,,
877,2019-09-20,,,,,,
878,2019-09-21,,,,,,
879,2019-09-22,,,,,,
880,2019-09-23,,,,,,
881,2019-09-24,,,,,,
882,2019-09-25,,,,,,
883,2019-09-26,,,,,,
884,2019-09-27,,,,,,
885,2019-09-28,,,,,,
886,2019-09-29,,,,,,
887,2019-09-30,,,,,,
888,2019-10-01,,,,,,
889,2019-10-02,,,,,,
890,2019-10-03,,,,,,
891,2019-10-04,,,,,,
892,2019-10-05,,,,,,
893,2019-10-06,,,,,,
894,2019-10-07,,,,,,
895,2019-10-08,,,,,,
896,2019-10-09,,,,,,
897,2019-10-10,,,,,,
898,2019-10-11,,,,,,
899,2019-10-12,,,,,,
900,2019-10-13,,,,,,
901,2019-10-14,,,,,,
902,2019-10-15,,,,,,
903,2019-10-16,,,,,,
904,2019-10-17,,,,,,
905,2019-10-18,,,,,,
906,2019-10-19,,,,,,
907,2019-10-20,,,,,,
908,2019-10-21,,,,,,
909,2019-10-22,,,,,,
910,2019-10-23,,,,,,
911,2019-10-24,,,,,,
912,2019-10-25,,,,,,
913,2019-10-26,,,,,,
914,2019-10-27,,,,,,
915,2019-10-28,,,,,,
916,2019-10-29,,,,,,
917,2019-10-30,,,,,,
918,2019-10-31,,,,,,
919,2019-11-01,,,,,,
920,2019-11-02,,,,,,
921,2019-11-03,,,,,,
922,2019-11-04,,,,,,
923,2019-11-05,,,,,,
924,2019-11-06,,,,,,
925,2019-11-07,,,,,,
926,2019-11-08,,,,,,
927,2019-11-09,,,,,,
928,2019-11-10,,,,,,
929,2019-11-11,,,,,,
930,2019-11-12,,,,,,
931,2019-11-13,,,,,,
932,2019-11-14,,,,,,
933,2019-11-15,,,,,,
934,2019-11-16,,,,,,
935,2019-11-17,,,,,,
936,2019-11-18,,,,,,
937,2019-11-19,,,,,,
938,2019-11-20,,,,,,
939,2019-11-21,,,,,,
940,2019-11-22,,,,,,
941,2019-11-23,,,,,,
942,2019-11-24,,,,,,
943,2019-11-25,,,,,,
944,2019-11-26,,,,,,
945,2019-11-27,,,,,,
946,2019-11-28,,,,,,
947,2019-11-29,,,,,,
948,2019-11-30,,,,,,
949,2019-12-01,,,,,,
950,2019-12-02,,,,,,
951,2019-12-03,,,,,,
952,2019-12-04,,,,,,
953,2019-12-05,,,,,,
954,2019-12-06,,,,,,
955,2019-12-07,,,,,,
956,2019-12-08,,,,,,
957,2019-12-09,,,,,,
958,2019-12-10,,,,,,
959,2019-12-11,,,,,,
960,2019-12-12,,,,,,
961,2019-12-13,,,,,,
962,2019-12-14,,,,,,
963,2019-12-15,,,,,,
964,2019-12-16,,,,,,
965,2019-12-17,,,,,,
966,2019-12-18,,,,,,
967,2019-12-19,,,,,,
968,2019-12-20,,,,,,
969,2019-12-21,,,,,,
970,2019-12-22,,,,,,
971,2019-12-23,,,,,,
972,2019-12-24,,,,,,
973,2019-12-25,,,,,,
974,2019-12-26,,,,,,
975,2019-12-27,,,,,,
976,2019-12-28,,,,,,
977,2019-12-29,,,,,,
978,2019-12-30,,,,,,
979,2019-12-31,,,,,,
980,2020-01-01,,,,,,
981,2020-01-02,,,,,,
982,2020-01-03,,,,,,
983,2020-01-04,,,,,,
984,2020-01-05,,,,,,
985,2020-01-06,,,,,,
986,2020-01-07,,,,,,
987,2020-01-08,,,,,,
988,2020-01-09,,,,,,
989,2020-01-10,,,,,,
990,2020-01-11,,,,,,
991,2020-01-12,,,,,,
992,2020-01-13,,,,,,
993,2020-01-14,,,,,,
994,2020-01-15,,,,,,
995,2020-01-16,,,,,,
996,2020-01-17,,,,,,
997,2020-01-18,,,,,,
998,2020-01-19,,,,,,
999,2020-01-20,,,,,,
1000,2020-01-21,,,,,,
1001,2020-01-22,,,,,,
1002,2020-01-23,,,,,,
1003,2020-01-24,,,,,,
1004,2020-01-25,,,,,,
1005,2020-01-26,,,,,,
1006,2020-01-27,,,,,,
1007,2020-01-28,,,,,,
1008,2020-01-29,,,,,,
1009,2020-01-30,,,,,,
1010,2020-01-31,,,,,,
1011,2020-02-01,,,,,,
1012,2020-02-02,,,,,,
1013,2020-02-03,,,,,,
1014,2020-02-04,,,,,,
1015,2020-02-05,,,,,,
1016,2020-02-06,,,,,,
1017,2020-02-07,,,,,,
1018,2020-02-08,,,,,,
1019,2020-02-09,,,,,,
1020,2020-02-10,,,,,,
1021,2020-02-11,,,,,,
1022,2020-02-12,,,,,,
1023,2020-02-13,,,,,,
1024,2020-02-14,,,,,,
1025,2020-02-15,,,,,,
1026,2020-02-16,,,,,,
1027,2020-02-17,,,,,,
1028,2020-02-18,,,,,,
1029,2020-02-19,,,,,,
1030,2020-02-20,,,,,,
1031,2020-02-21,,,,,,
1032,2020-02-22,,,,,,
1033,2020-02-23,,,,,,
1034,2020-02-24,,,,,,
1035,2020-02-25,,,,,,
1036,2020-02-26,,,,,,
1037,2020-02-27,,,,,,
1038,2020-02-28,,,,,,
1039,2020-02-29,,,,,,
1040,2020-03-01,,,,,,
1041,2020-03-02,,,,,,
1042,2020-03-03,,,,,,
1043,2020-03-04,,,,,,
1044,2020-03-05,,,,,,
1045,2020-03-06,,,,,,
1046,2020-03-07,,,,,,
1047,2020-03-08,,,,,,
1048,2020-03-09,,,,,,
1049,2020-03-10,,,,,,
1050,2020-03-11,,,,,,
1051,2020-03-12,,,,,,
1052,2020-03-13,,,,,,
1053,2020-03-14,,,,,,
1054,2020-03-15,,,,,,
1055,2020-03-16,,,,,,
1056,2020-03-17,,,,,,
1057,2020-03-18,,,,,,
1058,2020-03-19,,,,,,
1059,2020-03-20,,,,,,
1060,2020-03-21,,,,,,
1061,2020-03-22,,,,,,
1062,2020-03-23,,,,,,
1063,2020-03-24,,,,,,
1064,2020-03-25,,,,,,
1065,2020-03-26,,,,,,
1066,2020-03-27,,,,,,
1067,2020-03-28,,,,,,
1068,2020-03-29,,,,,,
1069,2020-03-30,,,,,,
1070,2020-03-31,,,,,,
1071,2020-04-01,,,,,,
1072,2020-04-02,,,,,,
1073,2020-04-03,,,,,,
1074,2020-04-04,,,,,,
1075,2020-04-05,,,,,,
1076,2020-04-06,,,,,,
1077,2020-04-07,,,,,,
1078,2020-04-08,,,,,,
1079,2020-04-09,,,,,,
1080,2020-04-10,,,,,,
1081,2020-04-11,,,,,,
1082,2020-04-12,,,,,,
1083,2020-04-13,,,,,,
1084,2020-04-14,,,,,,
1085,2020-04-15,,,,,,
1086,2020-04-16,,,,,,
1087,2020-04-17,,,,,,
1088,2020-04-18,,,,,,
1089,2020-04-19,,,,,,
1090,2020-04-20,,,,,,
1091,2020-04-21,,,,,,
1092,2020-04-22,,,,,,
1093,2020-04-23,,,,,,
1094,2020-04-24,,,,,,
1095,2020-04-25,,,,,,
1096,2020-04-26,,,,,,
1097,2020-04-27,,,,,,
1098,2020-04-28,,,,,,
1099,2020-04-29,,,,,,
1100,2020-04-30,,,,,,
1101,2020-05-01,,,,,,
1102,2020-05-02,,,,,,
1103,2020-05-03,,,,,,
1104,2020-05-04,,,,,,
1105,2020-05-05,,,,,,
1106,2020-05-06,,,,,,
1107,2020-05-07,,,,,,
1108,2020-05-08,,,,,,
1109,2020-05-09,,,,,,
1110,2020-05-10,,,,,,
1111,2020-05-11,,,,,,
1112,2020-05-12,,,,,,
1113,2020-05-13,,,,,,
1114,2020-05-14,,,,,,
1115,2020-05-15,,,,,,
1116,2020-05-16,,,,,,
1117,2020-05-17,,,,,,
1118,2020-05-18,,,,,,
1119,2020-05-19,,,,,,
1120,2020-05-20,,,,,,
1121,2020-05-21,,,,,,
1122,2020-05-22,,,,,,
1123,2020-05-23,,,,,,
1124,2020-05-24,,,,,,
1125,2020-05-25,,,,,,
1126,2020-05-26,,,,,,
1127,2020-05-27,,,,,,
1128,2020-05-28,,,,,,
1129,2020-05-29,,,,,,
1130,2020-05-30,,,,,,
1131,2020-05-31,,,,,,
1132,2020-06-01,,,,,,
1133,2020-06-02,,,,,,
1134,2020-06-03,,,,,,
1135,2020-06-04,,,,,,
1136,2020-06-05,,,,,,
1137,2020-06-06,,,,,,
1138,2020-06-07,,,,,,
1139,2020-06-08,,,,,,
1140,2020-06-09,,,,,,
1141,2020-06-10,,,,,,
1142,2020-06-11,,,,,,
1143,2020-06-12,,,,,,
1144,2020-06-13,,,,,,
1145,2020-06-14,,,,,,
1146,2020-06-15,,,,,,
1147,2020-06-16,,,,,,
1148,2020-06-17,,,,,,
1149,2020-06-18,,,,,,
1150,2020-06-19,,,,,,
1151,2020-06-20,,,,,,
1152,2020-06-21,,,,,,
1153,2020-06-22,,,,,,
1154,2020-06-23,,,,,,
1155,2020-06-24,,,,,,
1156,2020-06-25,,,,,,
1157,2020-06-26,,,,,,
1158,2020-06-27,,,,,,
1159,2020-06-28,,,,,,
1160,2020-06-29,,,,,,
1161,2020-06-30,,,,,,
1162,2020-07-01,,,,,,
1163,2020-07-02,,,,,,
1164,2020-07-03,,,,,,
1165,2020-07-04,,,,,,
1166,2020-07-05,,,,,,
1167,2020-07-06,,,,,,
1168,2020-07-07,,,,,,
1169,2020-07-08,,,,,,
1170,2020-07-09,,,,,,
1171,2020-07-10,,,,,,
1172,2020-07-11,,,,,,
1173,2020-07-12,,,,,,
1174,2020-07-13,4.896294116973877,4.896294116973877,4.481499195098877,4.915114879608154,4.6139678955078125,28340.0
1175,2020-07-14,4.986753940582275,4.986753940582275,4.762067794799805,5.229564189910889,4.909864902496338,3957.0
1176,2020-07-15,,,,,,
1177,2020-07-16,,,,,,
1178,2020-07-17,,,,,,
1179,2020-07-18,,,,,,
1180,2020-07-19,,,,,,
1181,2020-07-20,,,,,,
1182,2020-07-21,,,,,,
1183,2020-07-22,,,,,,
1184,2020-07-23,,,,,,
1185,2020-07-24,,,,,,
1186,2020-07-25,,,,,,
1187,2020-07-26,,,,,,
1188,2020-07-27,,,,,,
1189,2020-07-28,,,,,,
1190,2020-07-29,,,,,,
1191,2020-07-30,,,,,,
1192,2020-07-31,,,,,,
1193,2020-08-01,,,,,,
1194,2020-08-02,,,,,,
1195,2020-08-03,,,,,,
1196,2020-08-04,,,,,,
1197,2020-08-05,,,,,,
1198,2020-08-06,,,,,,
1199,2020-08-07,,,,,,
1200,2020-08-08,,,,,,
1201,2020-08-09,,,,,,
1202,2020-08-10,,,,,,
1203,2020-08-11,,,,,,
1204,2020-08-12,,,,,,
1205,2020-08-13,,,,,,
1206,2020-08-14,,,,,,
1207,2020-08-15,,,,,,
1208,2020-08-16,,,,,,
1209,2020-08-17,,,,,,
1210,2020-08-18,,,,,,
1211,2020-08-19,,,,,,
1212,2020-08-20,,,,,,
1213,2020-08-21,,,,,,
1214,2020-08-22,,,,,,
1215,2020-08-23,,,,,,
1216,2020-08-24,,,,,,
1217,2020-08-25,,,,,,
1218,2020-08-26,,,,,,
1219,2020-08-27,,,,,,
1220,2020-08-28,,,,,,
1221,2020-08-29,,,,,,
1222,2020-08-30,,,,,,
1223,2020-08-31,,,,,,
1224,2020-09-01,,,,,,
1225,2020-09-02,,,,,,
1226,2020-09-03,,,,,,
1227,2020-09-04,,,,,,
1228,2020-09-05,,,,,,
1229,2020-09-06,,,,,,
1230,2020-09-07,,,,,,
1231,2020-09-08,,,,,,
1232,2020-09-09,,,,,,
1233,2020-09-10,,,,,,
1234,2020-09-11,,,,,,
1235,2020-09-12,,,,,,
1236,2020-09-13,,,,,,
1237,2020-09-14,,,,,,
1238,2020-09-15,,,,,,
1239,2020-09-16,,,,,,
1240,2020-09-17,,,,,,
1241,2020-09-18,,,,,,
1242,2020-09-19,,,,,,
1243,2020-09-20,,,,,,
1244,2020-09-21,,,,,,
1245,2020-09-22,5.234632015228272,5.234632015228272,4.125380039215088,11.4634428024292,4.986753940582275,288098840.0
1246,2020-09-23,4.11846923828125,4.11846923828125,3.9826040267944336,5.329309940338135,5.321653842926025,173091214.0
1247,2020-09-24,4.566561222076416,4.566561222076416,3.539886951446533,4.751877784729004,3.817924976348877,96110964.0
1248,2020-09-25,4.712278842926025,4.712278842926025,4.240797996520996,4.958673000335693,4.614027976989746,55854397.0
1249,2020-09-26,4.539248943328857,4.539248943328857,4.376773834228516,4.817751884460449,4.713736057281494,27304546.0
1250,2020-09-27,4.62553596496582,4.62553596496582,4.138011932373047,4.69547176361084,4.5352888107299805,23243192.0
1251,2020-09-28,4.204802989959717,4.204802989959717,4.204802989959717,4.642366886138916,4.636009216308594,20624310.0
1252,2020-09-29,4.142951011657715,4.142951011657715,3.9706621170043945,4.280641078948975,4.205905914306641,16706917.0
1253,2020-09-30,4.322546005249023,4.322546005249023,4.015056133270264,4.39227819442749,4.1432929039001465,16932876.0
1254,2020-10-01,4.151090145111084,4.151090145111084,4.0592942237854,4.493291854858398,4.324278831481934,23903201.0
1255,2020-10-02,3.9271559715271,3.9271559715271,3.693851947784424,4.206491947174072,4.149603843688965,30467406.0
1256,2020-10-03,4.021659851074219,4.021659851074219,3.8802390098571777,4.166155815124512,3.925748109817505,11967394.0
1257,2020-10-04,3.9611101150512695,3.9611101150512695,3.8558170795440674,4.06501579284668,4.022983074188232,12949575.0
1258,2020-10-05,3.978019952774048,3.978019952774048,3.886122941970825,4.036362171173096,3.960586071014404,8980051.0
1259,2020-10-06,3.5376579761505127,3.5376579761505127,3.519102096557617,3.982503890991211,3.982503890991211,15048998.0
1260,2020-10-07,3.4468181133270264,3.4468181133270264,3.230266094207764,3.5429799556732178,3.538809061050415,15674566.0
1261,2020-10-08,3.904278993606568,3.904278993606568,3.3424251079559326,3.9255640506744394,3.4481561183929443,15215458.0
1262,2020-10-09,4.235304832458496,4.235304832458496,3.818816900253296,4.279157161712647,3.911573886871338,13043373.0
1263,2020-10-10,4.026704788208008,4.026704788208008,4.016294002532959,4.250988960266113,4.241962909698486,14539711.0
1264,2020-10-11,4.095879077911377,4.095879077911377,3.970839023590088,4.158483028411865,4.022435188293457,11454885.0
1265,2020-10-12,4.415740013122559,4.415740013122559,4.051722049713135,4.686799049377441,4.092503070831299,14445437.0
1266,2020-10-13,4.488053798675537,4.488053798675537,4.334646224975586,4.541391849517822,4.413149833679199,14050398.0
1267,2020-10-14,4.150055885314941,4.150055885314941,4.022535800933838,4.485447883605957,4.483893871307373,10004481.0
1268,2020-10-15,4.127353191375732,4.127353191375732,4.016290187835693,4.213541030883789,4.152927875518799,6998970.0
1269,2020-10-16,4.040480136871338,4.040480136871338,3.8870110511779785,4.155393123626709,4.127865791320801,9790610.0
1270,2020-10-17,4.196009159088135,4.196009159088135,3.976694107055664,4.196009159088135,4.038540840148926,6113717.0
1271,2020-10-18,4.116062164306641,4.116062164306641,4.083951950073242,4.24636697769165,4.192323207855225,3717531.0
1272,2020-10-19,4.050311088562012,4.050311088562012,3.997867107391357,4.1609392166137695,4.117764949798584,5848392.0
1273,2020-10-20,3.80220103263855,3.80220103263855,3.714379072189331,4.081610202789307,4.05350399017334,19646467.0
1274,2020-10-21,3.965959072113037,3.965959072113037,3.794333934783936,4.108504772186279,3.80043888092041,23475819.0
1275,2020-10-22,4.3144211769104,4.3144211769104,3.96215295791626,4.498044013977051,3.971724987030029,24178361.0
1276,2020-10-23,4.262105941772461,4.262105941772461,4.149672031402588,4.486894130706787,4.330928802490234,19482074.0
1277,2020-10-24,4.189700126647949,4.189700126647949,4.161980152130127,4.352660179138184,4.262105941772461,16681037.0
1278,2020-10-25,4.153210163116455,4.153210163116455,4.105394840240479,4.25797176361084,4.189700126647949,15517939.0
1279,2020-10-26,4.160973072052002,4.160973072052002,4.049677848815918,4.479071140289307,4.153210163116455,9243755.0
1280,2020-10-27,4.1222429275512695,4.1222429275512695,4.043659210205078,4.3497090339660645,4.160973072052002,17600881.0
1281,2020-10-28,4.066606044769287,4.066606044769287,3.93502688407898,4.177804946899414,4.1222429275512695,19435211.0
1282,2020-10-29,3.775311946868897,3.775311946868897,3.7333829402923584,4.106396198272705,4.066606044769287,6527859.0
1283,2020-10-30,3.714937925338745,3.714937925338745,3.580127000808716,3.819171905517578,3.775311946868897,28434550.0
1284,2020-10-31,3.6483678817749023,3.6483678817749023,3.5851359367370605,3.7435359954833984,3.714937925338745,20452535.0
1285,2020-11-01,3.682663917541504,3.682663917541504,3.5559840202331543,3.716675996780396,3.6483678817749023,15953277.0
1286,2020-11-02,3.623914957046509,3.623914957046509,3.6143970489501953,3.85450291633606,3.682663917541504,20039697.0
1287,2020-11-03,3.332746982574463,3.332746982574463,3.2422571182250977,3.6555540561676025,3.623914957046509,24573095.0
1288,2020-11-04,3.184633016586304,3.184633016586304,3.002887964248657,3.3766589164733887,3.332746982574463,20709819.0
1289,2020-11-05,3.3582050800323486,3.3582050800323486,3.0228428840637207,3.3770980834960938,3.184633016586304,26135754.0
1290,2020-11-06,3.595282077789306,3.595282077789306,3.318023920059204,3.6452419757843018,3.3582050800323486,33947029.0
1291,2020-11-07,3.4034080505371094,3.4034080505371094,3.382675886154175,3.907105922698975,3.595282077789306,34653203.0
1292,2020-11-08,3.476598024368286,3.476598024368286,3.368067979812622,3.650815963745117,3.4034080505371094,26072941.0
1293,2020-11-09,3.41712498664856,3.41712498664856,3.2658870220184326,3.539320945739746,3.476598024368286,25509378.0
1294,2020-11-10,3.586142063140869,3.586142063140869,3.3697280883789062,3.6405200958251953,3.41712498664856,24316551.0
1295,2020-11-11,3.484355926513672,3.484355926513672,3.457200050354004,3.810148000717163,3.586142063140869,24727644.0
1296,2020-11-12,3.429142951965332,3.429142951965332,3.3197689056396484,3.560576915740967,3.484355926513672,25090677.0
1297,2020-11-13,3.697801113128662,3.697801113128662,3.391807079315185,3.697817087173462,3.429142951965332,27584233.0
1298,2020-11-14,3.5004849433898926,3.5004849433898926,3.403673887252808,3.697801113128662,3.697801113128662,24359587.0
1299,2020-11-15,3.5365800857543945,3.5365800857543945,3.422898054122925,3.6424520015716553,3.5004849433898926,22702610.0
1300,2020-11-16,3.716655969619751,3.716655969619751,3.459120035171509,3.816524028778076,3.5365800857543945,27372174.0
1301,2020-11-17,3.831768035888672,3.831768035888672,3.698241949081421,3.915112018585205,3.7887139320373535,23031677.0
1302,2020-11-18,3.74868106842041,3.74868106842041,3.5756990909576416,3.8710429668426514,3.831768035888672,20818649.0
1303,2020-11-19,3.6270039081573486,3.6270039081573486,3.570697069168091,3.816442012786865,3.74868106842041,21489339.0
1304,2020-11-20,3.710604906082153,3.710604906082153,3.624535083770752,3.9870240688323975,3.6270039081573486,27416995.0
1305,2020-11-21,4.001855850219727,4.001855850219727,3.6923611164093018,4.083803176879883,3.710604906082153,25984283.0
1306,2020-11-22,3.889969110488892,3.889969110488892,3.7167930603027344,4.058050155639648,4.001855850219727,25963010.0
1307,2020-11-23,4.068428039550781,4.068428039550781,3.848123073577881,4.254518032073975,3.889969110488892,9013817.0
1308,2020-11-24,4.266965866088867,4.266965866088867,3.8702800273895264,4.327888011932373,4.068522930145264,30722083.0
1309,2020-11-25,4.049502849578857,4.049502849578857,3.933892011642456,4.40034294128418,4.267713069915772,28505942.0
1310,2020-11-26,3.5277099609375,3.5277099609375,3.302877902984619,4.08480978012085,4.049992084503174,35408249.0
1311,2020-11-27,3.5921521186828613,3.5921521186828613,3.425879001617432,3.763902902603149,3.52670693397522,6023810.0
1312,2020-11-28,3.624502897262573,3.624502897262573,3.4802238941192627,3.697805881500244,3.5894269943237305,17509244.0
1313,2020-11-29,3.7043120861053462,3.7043120861053462,3.5326240062713623,3.767204999923706,3.624608039855957,3901221.0
1314,2020-11-30,3.686424016952514,3.686424016952514,3.6456470489501953,3.8138389587402335,3.704345941543579,21457284.0
1315,2020-12-01,3.579318046569824,3.579318046569824,3.4924840927124023,3.816160917282105,3.6864609718322754,24719236.0
1316,2020-12-02,3.7314178943634033,3.7314178943634033,3.5290191173553467,3.842220067977905,3.5793468952178955,5085526.0
1317,2020-12-03,3.821922063827514,3.821922063827514,3.7176458835601807,3.894948959350586,3.736139059066773,21038215.0
1318,2020-12-04,3.551129102706909,3.551129102706909,3.5188488960266118,3.8601479530334473,3.8219399452209473,23754809.0
1319,2020-12-05,3.615125894546509,3.615125894546509,3.5085411071777344,3.711920976638794,3.538393974304199,21215020.0
1320,2020-12-06,3.599608898162842,3.599608898162842,3.509108066558838,3.6758570671081534,3.615132093429565,20224612.0
1321,2020-12-07,3.392122983932495,3.392122983932495,3.325592041015625,3.609885931015015,3.599663019180298,16909346.0
1322,2020-12-08,3.1125550270080566,3.1125550270080566,3.0964670181274414,3.392420053482056,3.392420053482056,23027417.0
1323,2020-12-09,3.2619690895080566,3.2619690895080566,2.808723926544189,3.3994760513305664,3.11156702041626,28583037.0
1324,2020-12-10,3.1526899337768555,3.1526899337768555,3.070856094360352,3.3458259105682373,3.2615880966186523,29252855.0
1325,2020-12-11,3.235805988311768,3.235805988311768,3.014925956726074,3.3050079345703125,3.1528639793396,29224480.0
1326,2020-12-12,3.334230899810791,3.334230899810791,3.231008052825928,3.451850891113281,3.2326550483703613,24630224.0
1327,2020-12-13,3.331057071685791,3.331057071685791,3.2932910919189453,3.410037040710449,3.334768056869507,20722255.0
1328,2020-12-14,3.140347003936768,3.140347003936768,3.1363511085510254,3.3421790599823,3.330364942550659,27242747.0
1329,2020-12-15,3.29994797706604,3.29994797706604,3.0613889694213867,3.37933611869812,3.1414361000061035,18320578.0
1330,2020-12-16,3.3441619873046875,3.3441619873046875,3.1513800621032715,3.373800039291382,3.29980206489563,21054734.0
1331,2020-12-17,3.2092549800872803,3.2092549800872803,3.1798219680786133,3.3773739337921143,3.3437271118164062,10227874.0
1332,2020-12-18,3.4047980308532715,3.4047980308532715,3.141922950744629,3.469288110733032,3.209613084793091,23107656.0
1333,2020-12-19,3.469613075256348,3.469613075256348,3.3802270889282227,3.610321998596192,3.4053781032562256,19919598.0
1334,2020-12-20,3.311469078063965,3.311469078063965,3.2858541011810303,3.495378017425537,3.46966290473938,18750351.0
1335,2020-12-21,3.09761905670166,3.09761905670166,3.0336830615997314,3.3510820865631104,3.3114559650421143,25892571.0
1336,2020-12-22,3.082421064376831,3.082421064376831,2.924834012985229,3.128812074661255,3.094120979309082,23991868.0
1337,2020-12-23,2.916322946548462,2.916322946548462,2.7962100505828857,3.620084047317505,3.0824270248413086,50329367.0
1338,2020-12-24,3.0987229347229004,3.0987229347229004,2.7897989749908447,3.1119589805603027,2.93046498298645,29820498.0
1339,2020-12-25,2.954710006713867,2.954710006713867,2.858228921890259,3.126981019973755,3.0974130630493164,26360909.0
1340,2020-12-26,2.9182701110839844,2.9182701110839844,2.853384017944336,2.9885671138763428,2.9551188945770264,21332105.0
1341,2020-12-27,2.906161069869995,2.906161069869995,2.848073959350586,3.050766944885254,2.918268918991089,24533711.0
1342,2020-12-28,2.947434902191162,2.947434902191162,2.866661071777344,3.0467450618743896,2.9052929878234863,27088075.0
1343,2020-12-29,2.924665927886963,2.924665927886963,2.835505962371826,3.006633043289185,2.947437047958374,25386162.0
1344,2020-12-30,2.9224090576171875,2.9224090576171875,2.8333261013031006,2.93991494178772,2.9252939224243164,17031663.0
1345,2020-12-31,3.1356089115142822,3.1356089115142822,2.7888219356536865,3.1909029483795166,2.922048091888428,18953615.0
1346,2021-01-01,3.664823055267334,3.664823055267334,3.054542064666748,3.873537063598633,3.1535348892211914,81260736.0
1347,2021-01-02,3.4949400424957275,3.4949400424957275,3.299263000488281,3.937006950378418,3.6621639728546143,50081958.0
1348,2021-01-03,3.472944021224976,3.472944021224976,3.3968420028686523,3.826090097427368,3.494292020797729,36997985.0
1349,2021-01-04,3.590243101119995,3.590243101119995,3.250401973724365,3.8319599628448486,3.473519086837769,39414734.0
1350,2021-01-05,4.237411975860596,4.237411975860596,3.485491991043091,4.343222141265869,3.590670108795166,69735075.0
1351,2021-01-06,4.620357036590576,4.620357036590576,4.155298233032227,4.9713239669799805,4.233969211578369,77632627.0
1352,2021-01-07,4.4766130447387695,4.4766130447387695,4.347032070159912,4.808977127075195,4.605810165405273,53715138.0
1353,2021-01-08,5.797110080718994,5.797110080718994,4.054746150970459,5.813028812408447,4.475872039794922,100707264.0
1354,2021-01-09,7.218531131744385,7.218531131744385,5.621013164520264,7.459084987640381,5.766707897186279,162227415.0
1355,2021-01-10,6.586495876312256,6.586495876312256,6.191731929779053,7.501711845397949,7.21622896194458,96243972.0
1356,2021-01-11,6.494089126586914,6.494089126586914,5.775503158569336,6.986017227172852,6.579784870147705,101394969.0
1357,2021-01-12,7.782700061798096,7.782700061798096,6.457986831665039,8.198620796203613,6.48761510848999,157738757.0
1358,2021-01-13,8.466814994812012,8.466814994812012,7.186761856079102,8.478569030761719,7.757136821746826,107370548.0
1359,2021-01-14,9.26131534576416,9.26131534576416,8.22860336303711,9.527690887451172,8.464188575744629,154674301.0
1360,2021-01-15,9.380011558532717,9.380011558532717,8.633323669433594,9.855640411376951,9.270428657531738,123418249.0
1361,2021-01-16,12.877918243408203,12.877918243408203,9.169472694396973,13.35923957824707,9.386836051940918,302897986.0
1362,2021-01-17,13.20268440246582,13.20268440246582,12.400222778320312,14.382867813110352,12.86845588684082,303643624.0
1363,2021-01-18,12.701574325561523,12.701574325561523,12.681751251220703,13.834186553955078,13.179217338562012,144213432.0
1364,2021-01-19,11.790321350097656,11.790321350097656,11.621259689331056,13.331988334655762,12.712359428405762,147387064.0
1365,2021-01-20,12.411564826965332,12.411564826965332,11.079717636108398,12.998587608337402,11.791474342346191,143245334.0
1366,2021-01-21,11.310115814208984,11.310115814208984,11.147109985351562,12.99000644683838,12.418549537658691,166420741.0
1367,2021-01-22,12.718835830688477,12.718835830688477,10.720327377319336,13.380752563476562,11.301277160644531,190313148.0
1368,2021-01-23,12.877225875854492,12.877225875854492,12.562527656555176,13.479141235351562,12.707362174987791,140727865.0
1369,2021-01-24,12.463919639587402,12.463919639587402,12.27584171295166,13.16489315032959,12.872480392456056,105137518.0
1370,2021-01-25,12.224095344543455,12.224095344543455,12.081398010253906,12.92879867553711,12.459662437438965,89612475.0
1371,2021-01-26,12.172889709472656,12.172889709472656,11.483739852905272,12.716864585876465,12.222853660583496,117575609.0
1372,2021-01-27,11.184797286987305,11.184797286987305,10.835763931274414,12.22418975830078,12.179483413696287,97215395.0
1373,2021-01-28,12.000269889831545,12.000269889831545,10.90334129333496,12.68406105041504,11.187371253967283,115201839.0
1374,2021-01-29,11.621697425842283,11.621697425842283,11.37697410583496,12.606816291809082,12.022982597351074,146529369.0
1375,2021-01-30,11.984418869018556,11.984418869018556,11.312639236450195,12.625574111938477,11.616052627563477,112936218.0
1376,2021-01-31,13.516318321228027,13.516318321228027,11.858070373535156,15.22437572479248,11.997275352478027,351069270.0
1377,2021-02-01,13.22776985168457,13.22776985168457,12.63804054260254,13.519383430480955,13.519383430480955,149280612.0
1378,2021-02-02,13.515045166015623,13.515045166015623,12.80548858642578,13.67038345336914,13.235482215881348,91074992.0
1379,2021-02-03,14.805048942565918,14.805048942565918,13.20100212097168,14.904874801635742,13.507195472717283,144515018.0
1380,2021-02-04,15.36817741394043,15.36817741394043,13.98280906677246,15.813543319702148,14.799270629882812,180318628.0
1381,2021-02-05,17.913799285888672,17.913799285888672,15.220497131347656,17.99698829650879,15.34853172302246,196730774.0
1382,2021-02-06,17.97602081298828,17.97602081298828,16.036651611328125,18.5445613861084,17.909730911254883,192597459.0
1383,2021-02-07,24.207178115844727,24.207178115844727,18.00034523010254,24.21027946472168,18.020671844482425,545865729.0
1384,2021-02-08,30.27532768249512,30.27532768249512,23.669597625732425,33.30602264404297,24.044641494750977,894521369.0
1385,2021-02-09,31.598886489868164,31.598886489868164,27.572586059570312,32.97258758544922,30.255908966064453,445128059.0
1386,2021-02-10,55.29847717285156,55.29847717285156,31.59962654113769,59.93983840942383,31.59962654113769,2235807129.0
1387,2021-02-11,47.37031936645508,47.37031936645508,42.22793960571289,56.26387786865234,54.933860778808594,856224806.0
1388,2021-02-12,48.65618133544922,48.65618133544922,43.77418899536133,54.39250564575195,47.15752029418945,688788872.0
1389,2021-02-13,43.787147521972656,43.787147521972656,43.491493225097656,51.91789627075195,48.65752410888672,380032573.0
1390,2021-02-14,38.57595443725586,38.57595443725586,38.32867431640625,44.5438232421875,43.76673889160156,472803313.0
1391,2021-02-15,38.1765022277832,38.1765022277832,33.83211135864258,43.98727416992188,38.545528411865234,492075708.0
1392,2021-02-16,36.33607482910156,36.33607482910156,35.285011291503906,39.49046325683594,38.159122467041016,360245755.0
1393,2021-02-17,37.05214691162109,37.05214691162109,34.22456741333008,41.205078125,36.40126037597656,417547992.0
1394,2021-02-18,41.01509094238281,41.01509094238281,36.02028274536133,43.69624328613281,37.055477142333984,433522043.0
1395,2021-02-19,38.75145721435547,38.75145721435547,38.00141143798828,41.21041870117188,41.040828704833984,319733162.0
1396,2021-02-20,36.23386764526367,36.23386764526367,32.88935089111328,42.7515983581543,38.76970672607422,468606771.0
1397,2021-02-21,36.1479721069336,36.1479721069336,35.151634216308594,37.93278121948242,36.10154724121094,213433308.0
1398,2021-02-22,32.279056549072266,32.279056549072266,26.93320846557617,36.25886535644531,36.14577865600586,341397482.0
1399,2021-02-23,27.562902450561523,27.562902450561523,23.411659240722656,32.310028076171875,32.310028076171875,358695614.0
1400,2021-02-24,29.93597984313965,29.93597984313965,25.48559188842773,31.89814758300781,27.58315086364746,367826263.0
1401,2021-02-25,26.739532470703125,26.739532470703125,26.739532470703125,32.0368766784668,29.925506591796875,246988832.0
1402,2021-02-26,25.939809799194336,25.939809799194336,24.98932456970215,27.982986450195312,26.860483169555664,178639218.0
1403,2021-02-27,25.814472198486328,25.814472198486328,25.257539749145508,27.416004180908203,25.96340751647949,160106642.0
1404,2021-02-28,23.823219299316406,23.823219299316406,22.301069259643555,25.90975379943848,25.82120513916016,156409576.0
1405,2021-03-01,27.403772354125977,27.403772354125977,23.697975158691406,27.76976776123047,23.87715148925781,248201636.0
1406,2021-03-02,27.135156631469727,27.135156631469727,26.015213012695312,31.742143630981445,27.420732498168945,563934379.0
1407,2021-03-03,27.272077560424805,27.272077560424805,26.61944580078125,29.230932235717773,27.148202896118164,305240058.0
1408,2021-03-04,25.80517578125,25.80517578125,24.28047561645508,28.733619689941406,27.26654052734375,290696777.0
1409,2021-03-05,24.378053665161133,24.378053665161133,23.620702743530277,25.781890869140625,25.781890869140625,192065807.0
1410,2021-03-06,24.92347717285156,24.92347717285156,23.89537811279297,25.496488571166992,24.3408317565918,138082740.0
1411,2021-03-07,26.65015411376953,26.65015411376953,24.91714096069336,27.86521339416504,24.91714096069336,300207534.0
1412,2021-03-08,25.545988082885746,25.545988082885746,25.17438316345215,27.069467544555664,26.655933380126957,209982091.0
1413,2021-03-09,34.24869918823242,34.24869918823242,23.743547439575195,34.5954704284668,25.549341201782227,1202374920.0
1414,2021-03-10,29.71404838562012,29.71404838562012,28.91278648376465,35.584999084472656,34.24568557739258,842150960.0
1415,2021-03-11,30.72899055480957,30.72899055480957,28.46723937988281,32.82171630859375,29.651203155517575,596126031.0
1416,2021-03-12,27.989315032958984,27.989315032958984,27.06589698791504,31.476247787475582,30.783205032348636,431815755.0
1417,2021-03-13,30.90908432006836,30.90908432006836,27.049644470214844,33.13913345336914,27.99962043762207,521074219.0
1418,2021-03-14,29.05876922607422,29.05876922607422,29.05876922607422,32.1793098449707,30.87592315673828,312497649.0
1419,2021-03-15,29.01790809631348,29.01790809631348,27.26105690002441,30.46322631835937,28.98705291748047,334277022.0
1420,2021-03-16,33.080162048339844,33.080162048339844,27.74860572814941,33.16495132446289,28.950258255004883,450559779.0
1421,2021-03-17,32.64582824707031,32.64582824707031,31.004419326782227,33.858726501464844,33.07617950439453,440750660.0
1422,2021-03-18,33.301387786865234,33.301387786865234,31.96622657775879,35.610050201416016,32.65378952026367,439630072.0
1423,2021-03-19,37.76497650146485,37.76497650146485,31.76274299621582,38.4378547668457,33.26352310180664,621681221.0
1424,2021-03-20,34.34647750854492,34.34647750854492,34.34647750854492,39.38956451416016,37.58756256103516,341937806.0
1425,2021-03-21,32.81172180175781,32.81172180175781,32.116641998291016,35.511627197265625,34.341400146484375,328942185.0
1426,2021-03-22,29.360292434692383,29.360292434692383,28.989011764526367,33.542724609375,32.80757141113281,310387936.0
1427,2021-03-23,28.591270446777344,28.591270446777344,28.351924896240234,30.836593627929688,29.30770874023437,245730628.0
1428,2021-03-24,26.05170249938965,26.05170249938965,25.096126556396484,30.40033531188965,28.553295135498047,292191840.0
1429,2021-03-25,25.997766494750977,25.997766494750977,24.64167594909668,27.463455200195312,25.983722686767575,252605201.0
1430,2021-03-26,28.2379093170166,28.2379093170166,25.907812118530277,28.87990379333496,25.946861267089844,232181872.0
1431,2021-03-27,27.63164520263672,27.63164520263672,26.88374137878418,28.60502243041992,28.24203872680664,175964471.0
1432,2021-03-28,28.69735336303711,28.69735336303711,27.247299194335938,29.49205780029297,27.617246627807617,222965831.0
1433,2021-03-29,29.46956825256348,29.46956825256348,28.26435852050781,30.24734306335449,28.70986557006836,219894708.0
1434,2021-03-30,29.62527656555176,29.62527656555176,28.94251251220703,30.78315544128418,29.47743034362793,221168524.0
1435,2021-03-31,28.72896957397461,28.72896957397461,26.6994571685791,29.886476516723636,29.615747451782227,221774579.0
1436,2021-04-01,28.418750762939453,28.418750762939453,27.99394989013672,29.296857833862305,28.732580184936523,172089242.0
1437,2021-04-02,29.117610931396484,29.117610931396484,28.043386459350582,29.57410049438477,28.33231544494629,167497181.0
1438,2021-04-03,28.251848220825195,28.251848220825195,28.199560165405277,32.78033828735352,29.081626892089844,424655897.0
1439,2021-04-04,29.3297119140625,29.3297119140625,27.917348861694336,30.0936279296875,28.29934501647949,185849450.0
1440,2021-04-05,31.2465934753418,31.2465934753418,28.740985870361328,32.98377227783203,29.31033515930176,447418402.0
1441,2021-04-06,31.55449485778809,31.55449485778809,30.20060157775879,34.554840087890625,31.27870750427246,453065493.0
1442,2021-04-07,29.476511001586918,29.476511001586918,28.70438575744629,32.69903945922852,31.521106719970703,337039411.0
1443,2021-04-08,30.764034271240234,30.764034271240234,29.308914184570312,31.3580322265625,29.580791473388672,177272348.0
1444,2021-04-09,31.532609939575195,31.532609939575195,30.40952682495117,32.42420959472656,30.760326385498047,289110798.0
1445,2021-04-10,31.80380249023437,31.80380249023437,30.880163192749023,33.943992614746094,31.536279678344727,377650235.0
1446,2021-04-11,31.60232162475586,31.60232162475586,30.93572807312012,32.366477966308594,31.80379676818848,211605192.0
1447,2021-04-12,33.883968353271484,33.883968353271484,31.30670928955078,35.65488052368164,31.66559410095215,485683846.0
1448,2021-04-13,33.67353057861328,33.67353057861328,31.746957778930664,34.81218719482422,33.798213958740234,380251185.0
1449,2021-04-14,38.462867736816406,38.462867736816406,32.97645950317383,39.37591552734375,33.63677978515625,975987632.0
1450,2021-04-15,37.143062591552734,37.143062591552734,36.40646743774414,40.80036926269531,38.41642761230469,578582518.0
1451,2021-04-16,35.631317138671875,35.631317138671875,33.17973327636719,37.56632232666016,37.02238845825195,441000850.0
1452,2021-04-17,34.341453552246094,34.341453552246094,33.909210205078125,36.87984085083008,35.53505325317383,299361049.0
1453,2021-04-18,29.253093719482425,29.253093719482425,23.41156005859375,34.69755172729492,34.36116027832031,586258120.0
1454,2021-04-19,26.28306579589844,26.28306579589844,25.61040306091309,30.4605712890625,29.287132263183597,305510537.0
1455,2021-04-20,27.34795379638672,27.34795379638672,24.01119041442871,28.26930809020996,26.1361141204834,351820081.0
1456,2021-04-21,25.90350341796875,25.90350341796875,25.8530330657959,28.40342712402344,27.40620231628418,255465065.0
1457,2021-04-22,24.034961700439453,24.034961700439453,22.96561050415039,27.733657836914062,25.830305099487305,293095836.0
1458,2021-04-23,23.498424530029297,23.498424530029297,20.011245727539062,24.673828125,23.98783302307129,381922880.0
1459,2021-04-24,21.777528762817383,21.777528762817383,21.52035522460937,23.891143798828125,23.58330345153809,177292845.0
1460,2021-04-25,21.543121337890625,21.543121337890625,20.46040725708008,23.6827449798584,21.83055877685547,138398301.0
1461,2021-04-26,26.459278106689453,26.459278106689453,21.40692138671875,26.47709846496582,21.62346649169922,264631790.0
1462,2021-04-27,27.820369720458984,27.820369720458984,25.769237518310547,27.862098693847656,26.466716766357425,214406079.0
1463,2021-04-28,28.32757377624512,28.32757377624512,25.88178062438965,29.030086517333984,27.92023658752441,240501701.0
1464,2021-04-29,27.92986488342285,27.92986488342285,26.637962341308597,29.68246078491211,28.29535675048828,218944693.0
1465,2021-04-30,32.91837310791016,32.91837310791016,27.528404235839844,32.98488998413086,27.930896759033203,386072188.0
1466,2021-05-01,31.89084243774414,31.89084243774414,31.766843795776367,35.64030456542969,32.89854431152344,415039866.0
1467,2021-05-02,31.304956436157227,31.304956436157227,30.4722957611084,32.65867614746094,31.79400062561035,241565270.0
1468,2021-05-03,35.93231964111328,35.93231964111328,31.16550636291504,37.08235549926758,31.324922561645508,613797104.0
1469,2021-05-04,30.36143112182617,30.36143112182617,29.9829158782959,36.13649368286133,35.876583099365234,429905095.0
1470,2021-05-05,35.263118743896484,35.263118743896484,29.83710289001465,35.56074523925781,30.29295539855957,311207014.0
1471,2021-05-06,37.98084259033203,37.98084259033203,34.75200271606445,39.2972412109375,35.25393295288086,615820256.0
1472,2021-05-07,38.04991912841797,38.04991912841797,36.006282806396484,43.743953704833984,37.97057723999024,812137105.0
1473,2021-05-08,38.32207489013672,38.32207489013672,37.27090835571289,39.78215026855469,37.90199661254883,350546182.0
1474,2021-05-09,39.02163696289063,39.02163696289063,35.33116149902344,39.360958099365234,38.40206909179688,329199843.0
1475,2021-05-10,34.70148849487305,34.70148849487305,30.21927070617676,41.7778549194336,38.9265022277832,528356770.0
1476,2021-05-11,36.82477951049805,36.82477951049805,32.580772399902344,37.254913330078125,34.690528869628906,342073952.0
1477,2021-05-12,32.0162467956543,32.0162467956543,32.0162467956543,41.44514846801758,36.75679397583008,635368557.0
1478,2021-05-13,34.98023986816406,34.98023986816406,31.041418075561523,37.15969467163086,32.806304931640625,539807645.0
1479,2021-05-14,36.951202392578125,36.951202392578125,33.390037536621094,37.98410034179688,35.040771484375,343970663.0
1480,2021-05-15,34.41056442260742,34.41056442260742,34.13846969604492,39.8306770324707,36.95224380493164,601746075.0
1481,2021-05-16,36.5188102722168,36.5188102722168,32.61438751220703,39.50280380249024,34.42939376831055,566714442.0
1482,2021-05-17,33.662254333496094,33.662254333496094,31.962299346923828,37.64341354370117,36.55112457275391,457823166.0
1483,2021-05-18,36.82215881347656,36.82215881347656,33.316749572753906,37.67807769775391,33.62871170043945,369926391.0
1484,2021-05-19,23.38389587402344,23.38389587402344,18.6785831451416,38.42449188232422,36.97642517089844,583118261.0
1485,2021-05-20,25.19688415527344,25.19688415527344,20.92279815673828,28.166261672973636,23.133920669555664,356467352.0
1486,2021-05-21,21.8017692565918,21.8017692565918,18.454181671142575,26.71778106689453,25.10417366027832,262253583.0
1487,2021-05-22,18.85113906860352,18.85113906860352,18.335521697998047,22.172252655029297,21.866186141967773,159666877.0
1488,2021-05-23,15.756152153015137,15.756152153015137,12.147003173828123,19.665552139282227,18.847211837768555,241105086.0
1489,2021-05-24,19.410947799682617,19.410947799682617,15.123732566833496,20.477659225463867,15.625920295715332,248935736.0
1490,2021-05-25,19.45080947875977,19.45080947875977,17.091575622558594,20.18870735168457,19.39146423339844,177064640.0
1491,2021-05-26,20.905675888061523,20.905675888061523,19.05719757080078,21.447900772094727,19.492048263549805,183798753.0
1492,2021-05-27,19.00033569335937,19.00033569335937,18.790189743041992,21.231420516967773,20.833688735961918,120995855.0
1493,2021-05-28,16.73341178894043,16.73341178894043,16.05771827697754,19.5953426361084,19.06722450256348,124661585.0
1494,2021-05-29,16.127492904663086,16.127492904663086,15.204785346984863,17.59340476989746,16.730297088623047,73317089.0
1495,2021-05-30,16.534385681152344,16.534385681152344,15.171512603759766,17.437274932861328,16.17858123779297,66551414.0
1496,2021-05-31,18.161319732666016,18.161319732666016,15.716958999633787,18.19442367553711,16.52044677734375,83671863.0
1497,2021-06-01,17.773170471191406,17.773170471191406,17.159929275512695,18.55089569091797,18.157638549804688,80656521.0
1498,2021-06-02,18.677080154418945,18.677080154418945,17.175003051757812,19.37306404113769,17.750003814697266,101921641.0
1499,2021-06-03,20.24371337890625,20.24371337890625,18.282835006713867,20.68963432312012,18.69639205932617,118155006.0
1500,2021-06-04,18.247404098510746,18.247404098510746,17.45809555053711,20.54256820678711,20.278732299804688,108497012.0
1501,2021-06-05,17.250303268432617,17.250303268432617,16.92938232421875,19.14902114868164,18.259313583374023,92501652.0
1502,2021-06-06,17.400110244750977,17.400110244750977,17.127634048461914,17.990116119384766,17.236080169677734,48841452.0
1503,2021-06-07,15.522640228271484,15.522640228271484,15.379606246948242,18.05963706970215,17.397754669189453,129221032.0
1504,2021-06-08,14.868940353393556,14.868940353393556,13.700926780700684,16.041799545288086,15.551502227783203,123776326.0
1505,2021-06-09,15.38689136505127,15.38689136505127,13.679163932800291,15.75642204284668,14.810751914978027,107246374.0
1506,2021-06-10,14.17640781402588,14.17640781402588,13.78287124633789,15.578577995300291,15.391997337341309,90307844.0
1507,2021-06-11,13.418978691101074,13.418978691101074,13.160651206970217,14.61023235321045,14.200589179992676,79178329.0
1508,2021-06-12,13.55193042755127,13.55193042755127,12.660572052001951,13.879982948303224,13.41562271118164,79705597.0
1509,2021-06-13,14.77556610107422,14.77556610107422,13.275484085083008,14.98381805419922,13.5310640335083,97026435.0
1510,2021-06-14,14.965835571289062,14.965835571289062,14.437774658203123,15.444483757019045,14.74950122833252,99438783.0
1511,2021-06-15,15.18004322052002,15.18004322052002,14.626016616821287,15.51841926574707,15.073719024658203,95150889.0
1512,2021-06-16,14.067678451538086,14.067678451538086,13.9296236038208,14.92015266418457,14.719948768615724,79021452.0
1513,2021-06-17,14.832069396972656,14.832069396972656,14.030821800231934,15.474482536315918,14.083843231201172,100424428.0
1514,2021-06-18,13.627870559692385,13.627870559692385,13.13953971862793,15.277356147766112,14.864891052246094,78295122.0
1515,2021-06-19,13.45772933959961,13.45772933959961,13.237807273864746,14.048290252685549,13.638351440429688,37953811.0
1516,2021-06-20,13.970991134643556,13.970991134643556,12.837081909179688,14.14352035522461,13.397244453430176,55939670.0
1517,2021-06-21,11.210616111755373,11.210616111755373,11.078561782836914,14.064413070678713,13.929668426513672,86300256.0
1518,2021-06-22,10.526581764221191,10.526581764221191,9.374876022338867,11.744131088256836,11.19222354888916,109716996.0
1519,2021-06-23,11.193946838378906,11.193946838378906,10.183929443359377,11.79040241241455,10.552963256835938,76905669.0
1520,2021-06-24,11.482956886291504,11.482956886291504,10.84375286102295,11.754491806030272,11.46536636352539,51808717.0
1521,2021-06-25,10.270669937133787,10.270669937133787,10.20809268951416,11.752286911010742,11.49388599395752,53164067.0
1522,2021-06-26,10.2755708694458,10.2755708694458,9.791808128356934,10.597162246704102,10.244573593139648,42029114.0
1523,2021-06-27,10.919079780578612,10.919079780578612,10.098623275756836,10.986549377441406,10.32953643798828,34727228.0
1524,2021-06-28,11.286295890808104,11.286295890808104,10.726836204528809,11.468239784240724,10.94749927520752,45312867.0
1525,2021-06-29,11.851420402526855,11.851420402526855,11.094191551208496,12.349824905395508,11.300423622131348,60893173.0
1526,2021-06-30,11.955547332763672,11.955547332763672,11.042938232421877,12.089552879333496,11.931249618530272,52911536.0
1527,2021-07-01,11.22981071472168,11.22981071472168,11.013507843017578,12.069079399108888,11.950308799743652,33886419.0
1528,2021-07-02,11.132654190063477,11.132654190063477,10.58177661895752,11.35105800628662,11.220789909362791,40854419.0
1529,2021-07-03,11.503907203674316,11.503907203674316,10.88422393798828,11.672789573669434,11.112865447998049,33146235.0
1530,2021-07-04,12.350099563598633,12.350099563598633,11.213143348693848,12.87261962890625,11.497730255126951,60403499.0
1531,2021-07-05,12.026809692382812,12.026809692382812,11.600727081298828,12.419793128967283,12.33871078491211,64962340.0
1532,2021-07-06,13.357434272766112,13.357434272766112,12.04526424407959,14.199019432067873,12.050247192382812,115274691.0
1533,2021-07-07,13.08975315093994,13.08975315093994,13.059630393981934,14.15503978729248,13.354413032531738,90665563.0
1534,2021-07-08,12.119664192199709,12.119664192199709,11.85761260986328,13.112231254577637,13.112231254577637,66426383.0
1535,2021-07-09,12.54416847229004,12.54416847229004,11.647981643676758,12.869098663330078,12.097369194030762,63493395.0
1536,2021-07-10,12.025736808776855,12.025736808776855,11.876797676086426,12.83905029296875,12.553656578063965,36867384.0
1537,2021-07-11,12.41366481781006,12.41366481781006,11.926103591918944,12.48770809173584,12.023886680603027,31468064.0
1538,2021-07-12,12.186532974243164,12.186532974243164,11.72298526763916,12.834543228149414,12.42788791656494,51376241.0
1539,2021-07-13,11.914669036865234,11.914669036865234,11.770151138305664,12.436649322509766,12.161837577819824,43903713.0
1540,2021-07-14,11.792096138000488,11.792096138000488,11.136691093444824,12.093231201171877,11.900751113891602,43795905.0
1541,2021-07-15,11.349885940551758,11.349885940551758,11.138982772827148,12.095833778381348,11.800612449645996,34811185.0
1542,2021-07-16,10.860897064208984,10.860897064208984,10.843706130981444,11.816187858581545,11.389361381530762,47233363.0
1543,2021-07-17,10.927745819091797,10.927745819091797,10.737404823303224,11.148223876953123,10.813633918762209,32780916.0
1544,2021-07-18,10.70465087890625,10.70465087890625,10.66114330291748,11.276327133178713,10.963818550109863,32792037.0
1545,2021-07-19,10.16976833343506,10.16976833343506,10.04584503173828,10.762089729309082,10.697858810424805,32476789.0
1546,2021-07-20,9.650588035583496,9.650588035583496,9.340633392333984,10.341176986694336,10.180246353149414,35862709.0
1547,2021-07-21,10.420524597167969,10.420524597167969,9.483742713928224,10.743846893310549,9.642046928405762,45013149.0
1548,2021-07-22,10.828587532043455,10.828587532043455,10.24319076538086,10.957329750061035,10.4274320602417,40893616.0
1549,2021-07-23,11.099355697631836,11.099355697631836,10.534507751464844,11.160614013671877,10.835399627685549,35786332.0
1550,2021-07-24,11.17281723022461,11.17281723022461,10.960573196411133,11.446879386901855,11.073753356933594,42078775.0
1551,2021-07-25,11.2407865524292,11.2407865524292,10.769185066223145,11.340200424194336,11.15053367614746,34788469.0
1552,2021-07-26,11.492170333862305,11.492170333862305,11.215410232543944,12.686219215393066,11.247705459594728,94326395.0
1553,2021-07-27,11.91977310180664,11.91977310180664,11.188348770141602,12.271713256835938,11.464035987854004,52941102.0
1554,2021-07-28,12.25692653656006,12.25692653656006,11.702205657958984,12.432093620300291,11.932214736938477,68268675.0
1555,2021-07-29,12.41838264465332,12.41838264465332,11.989973068237305,12.631003379821776,12.315290451049805,66712426.0
1556,2021-07-30,13.002365112304688,13.002365112304688,11.965535163879396,13.002365112304688,12.429551124572754,71146688.0
1557,2021-07-31,13.591609001159668,13.591609001159668,12.604904174804688,13.609853744506836,12.982474327087402,67970748.0
1558,2021-08-01,12.877431869506836,12.877431869506836,12.652549743652344,14.062379837036133,13.528722763061523,90946247.0
1559,2021-08-02,13.006891250610352,13.006891250610352,12.64908218383789,13.36972999572754,12.861507415771484,54993392.0
1560,2021-08-03,12.53329372406006,12.53329372406006,12.335033416748049,13.510857582092283,13.000876426696776,60826755.0
1561,2021-08-04,13.679924964904783,13.679924964904783,12.421238899230955,13.76755428314209,12.560794830322266,66911765.0
1562,2021-08-05,13.834280967712402,13.834280967712402,12.92304801940918,13.94101619720459,13.696864128112791,76011395.0
1563,2021-08-06,14.725431442260742,14.725431442260742,13.4115629196167,14.96212100982666,13.834606170654297,105878541.0
1564,2021-08-07,15.761190414428713,15.761190414428713,14.621930122375488,15.92166805267334,14.757720947265623,128714036.0
1565,2021-08-08,14.814119338989258,14.814119338989258,14.584627151489258,16.091907501220703,15.837834358215332,78280305.0
1566,2021-08-09,16.2318058013916,16.2318058013916,14.474167823791504,16.728160858154297,14.809563636779783,143463343.0
1567,2021-08-10,16.44843864440918,16.44843864440918,15.806885719299316,17.168315887451172,16.18202018737793,124902142.0
1568,2021-08-11,16.74867820739746,16.74867820739746,16.39165687561035,17.55472755432129,16.426006317138672,122723375.0
1569,2021-08-12,16.569053649902344,16.569053649902344,15.478687286376951,17.5361385345459,16.725692749023438,112149586.0
1570,2021-08-13,18.04875373840332,18.04875373840332,16.414026260375977,18.27935028076172,16.597774505615234,113858977.0
1571,2021-08-14,18.067649841308597,18.067649841308597,17.242128372192383,18.40706443786621,18.03270149230957,101585490.0
1572,2021-08-15,18.795135498046875,18.795135498046875,17.165447235107422,18.820533752441406,18.10793876647949,101215297.0
1573,2021-08-16,19.18263053894043,19.18263053894043,18.49400520324707,21.113393783569336,18.77149772644043,252835090.0
1574,2021-08-17,23.529998779296875,23.529998779296875,18.48108291625977,25.34667587280273,19.076417922973636,737983102.0
1575,2021-08-18,29.89081382751465,29.89081382751465,21.54383087158203,30.884370803833008,23.42501449584961,1170857988.0
1576,2021-08-19,30.63427352905273,30.63427352905273,28.806575775146484,33.709991455078125,30.03548240661621,1116363939.0
1577,2021-08-20,39.185302734375,39.185302734375,29.999385833740234,39.185302734375,30.66789436340332,962895338.0
1578,2021-08-21,43.78691101074219,43.78691101074219,37.80461883544922,49.96156692504883,39.12644577026367,1931663488.0
1579,2021-08-22,43.53219985961914,43.53219985961914,40.76093673706055,45.0054931640625,43.733882904052734,1163748675.0
1580,2021-08-23,46.450531005859375,46.450531005859375,43.6306266784668,53.068477630615234,43.6306266784668,1527912599.0
1581,2021-08-24,55.34585189819336,55.34585189819336,44.31471633911133,58.984771728515625,46.51772689819336,2249385587.0
1582,2021-08-25,46.1151237487793,46.1151237487793,45.71041488647461,57.433067321777344,55.57276916503906,1541625994.0
1583,2021-08-26,41.42075347900391,41.42075347900391,41.42075347900391,48.457481384277344,46.25825500488281,1202053529.0
1584,2021-08-27,50.07778930664063,50.07778930664063,40.332149505615234,50.41109848022461,41.371856689453125,1672611618.0
1585,2021-08-28,50.19713592529297,50.19713592529297,46.24362182617188,51.76109313964844,50.13556289672852,1165188185.0
1586,2021-08-29,47.50910568237305,47.50910568237305,46.79542922973633,52.41292953491211,50.23712921142578,790206804.0
1587,2021-08-30,41.325077056884766,41.325077056884766,41.14146041870117,48.22608184814453,47.48257827758789,863132838.0
1588,2021-08-31,39.48735046386719,39.48735046386719,38.39210510253906,44.16825485229492,41.461669921875,863301439.0
1589,2021-09-01,41.931602478027344,41.931602478027344,38.628055572509766,45.52995681762695,39.54347610473633,1042268891.0
1590,2021-09-02,47.75591659545898,47.75591659545898,41.29635238647461,47.84926223754883,42.47848129272461,967474676.0
1591,2021-09-03,45.91118240356445,45.91118240356445,44.88906097412109,51.54990768432617,47.65071487426758,1292097111.0
1592,2021-09-04,47.143165588378906,47.143165588378906,44.165130615234375,49.78833770751953,45.9001579284668,920757965.0
1593,2021-09-05,48.17892456054688,48.17892456054688,45.589752197265625,49.38465118408203,47.20466232299805,870312119.0
1594,2021-09-06,47.04298782348633,47.04298782348633,43.67187881469727,51.30459976196289,48.14677810668945,1176511096.0
1595,2021-09-07,37.59894943237305,37.59894943237305,32.80122375488281,47.18085479736328,47.09261322021485,1505074715.0
1596,2021-09-08,37.05140686035156,37.05140686035156,33.28400802612305,39.42950820922852,37.66260528564453,932136418.0
1597,2021-09-09,40.77261352539063,40.77261352539063,36.1560173034668,44.55073547363281,36.58103561401367,1331437306.0
1598,2021-09-10,49.18913650512695,49.18913650512695,40.48396682739258,49.60515975952149,40.73160934448242,2437929731.0
1599,2021-09-11,57.16424560546875,57.16424560546875,48.353607177734375,58.99034881591797,49.481224060058594,2562681437.0
1600,2021-09-12,59.25942993164063,59.25942993164063,53.83142852783203,64.87303161621094,57.09894180297852,2713467627.0
1601,2021-09-13,53.11015319824219,53.11015319824219,48.0572624206543,60.7490234375,59.302188873291016,2513345537.0
1602,2021-09-14,51.57811737060547,51.57811737060547,49.250038146972656,57.16770553588867,53.20318984985352,1243073204.0
1603,2021-09-15,57.62539291381836,57.62539291381836,50.36347961425781,58.111759185791016,51.503902435302734,1139814004.0
1604,2021-09-16,67.84269714355469,67.84269714355469,57.2906494140625,67.85884857177734,57.89189910888672,2877776131.0
1605,2021-09-17,69.93401336669922,69.93401336669922,60.91603088378906,70.78472900390625,67.67376708984375,2149572436.0
1606,2021-09-18,69.01238250732422,69.01238250732422,67.24805450439453,75.32479858398438,70.0710678100586,1951788341.0
1607,2021-09-19,70.07572174072266,70.07572174072266,66.54693603515625,76.21391296386719,68.86099243164062,1827002963.0
1608,2021-09-20,56.67792892456055,56.67792892456055,55.91534805297852,70.39785766601562,70.09387969970703,2342075415.0
1609,2021-09-21,59.017356872558594,59.017356872558594,52.86892318725586,66.10662078857422,57.325870513916016,2637731601.0
1610,2021-09-22,74.1870346069336,74.1870346069336,57.962493896484375,74.47371673583984,58.98347854614258,2640281903.0
1611,2021-09-23,76.41905975341797,76.41905975341797,73.02674865722656,79.52259063720703,74.08619689941406,2336551605.0
1612,2021-09-24,72.40190124511719,72.40190124511719,67.14019775390625,78.35160827636719,76.45702362060547,2238592113.0
1613,2021-09-25,68.38166046142578,68.38166046142578,67.695068359375,72.63642883300781,72.3895492553711,1022340249.0
1614,2021-09-26,66.86196899414062,66.86196899414062,61.881160736083984,71.48128509521484,68.3516616821289,1282520288.0
1615,2021-09-27,66.50875854492188,66.50875854492188,65.46882629394531,72.46907043457031,66.8810043334961,1210911405.0
1616,2021-09-28,61.51771926879883,61.51771926879883,61.25083541870117,69.43622589111328,66.37129974365234,989963988.0
1617,2021-09-29,65.52000427246094,65.52000427246094,61.38761520385742,69.24354553222656,61.600772857666016,1366679673.0
1618,2021-09-30,66.76588439941406,66.76588439941406,64.36367797851562,68.7210693359375,65.50789642333984,1122979274.0
1619,2021-10-01,67.57039642333984,67.57039642333984,63.30827713012695,69.4402084350586,66.62635803222656,1441796222.0
1620,2021-10-02,69.22048950195312,69.22048950195312,65.87702178955078,73.35771942138672,67.63391876220703,1391263335.0
1621,2021-10-03,68.717041015625,68.717041015625,67.65304565429688,71.53996276855469,69.13282775878906,1003680421.0
1622,2021-10-04,65.15984344482422,65.15984344482422,64.00428771972656,68.68302154541016,68.68302154541016,949626760.0
1623,2021-10-05,64.65011596679688,64.65011596679688,62.94280242919922,66.71932983398438,65.24717712402344,813159957.0
1624,2021-10-06,60.11407470703125,60.11407470703125,58.682579040527344,65.69510650634766,64.59976959228516,963971611.0
1625,2021-10-07,61.48835372924805,61.48835372924805,57.56055450439453,62.273555755615234,60.0299186706543,906896093.0
1626,2021-10-08,60.52022552490234,60.52022552490234,60.065067291259766,64.92047119140625,61.51958465576172,812757714.0
1627,2021-10-09,60.56625747680664,60.56625747680664,59.86289978027344,61.95339584350586,60.39582061767578,368977448.0
1628,2021-10-10,56.59357452392578,56.59357452392578,55.5444221496582,60.88399505615234,60.57084655761719,450502943.0
1629,2021-10-11,55.30461120605469,55.30461120605469,53.95623016357422,59.19413757324219,56.58945083618164,590939451.0
1630,2021-10-12,54.35797119140625,54.35797119140625,51.22761535644531,55.33838653564453,55.33838653564453,692864342.0
1631,2021-10-13,55.152488708496094,55.152488708496094,53.33034133911133,57.05287551879883,54.35367584228516,655950094.0
1632,2021-10-14,56.08110427856445,56.08110427856445,54.95210266113281,58.4278678894043,54.99287414550781,521698717.0
1633,2021-10-15,56.2510871887207,56.2510871887207,54.60218811035156,57.09015655517578,56.17885971069336,559567841.0
1634,2021-10-16,57.48309326171875,57.48309326171875,55.712100982666016,61.83980178833008,56.310176849365234,730039645.0
1635,2021-10-17,56.07736587524414,56.07736587524414,53.55379104614258,58.53270721435547,57.56997680664063,388579198.0
1636,2021-10-18,55.47448348999024,55.47448348999024,54.25412368774414,56.42582321166992,56.03767013549805,301848293.0
1637,2021-10-19,56.81697463989258,56.81697463989258,55.129127502441406,58.032936096191406,55.53133392333984,369199133.0
1638,2021-10-20,59.55984115600586,59.55984115600586,56.72520446777344,61.55341339111328,56.80744171142578,557808885.0
1639,2021-10-21,61.30981063842773,61.30981063842773,58.89551544189453,64.31205749511719,59.63168716430664,834466444.0
1640,2021-10-22,65.45528411865234,65.45528411865234,61.42253112792969,68.64178466796875,61.4479866027832,1235036359.0
1641,2021-10-23,65.45916748046875,65.45916748046875,64.56714630126953,69.10169982910156,65.532470703125,675884810.0
1642,2021-10-24,64.51839447021484,64.51839447021484,61.97397613525391,67.58838653564453,65.43511199951172,512814089.0
1643,2021-10-25,69.82469177246094,69.82469177246094,64.38153076171875,69.82469177246094,64.55366516113281,559909250.0
1644,2021-10-26,68.87113189697266,68.87113189697266,67.8232192993164,72.88220977783203,69.70967102050781,913850539.0
1645,2021-10-27,61.51663589477539,61.51663589477539,57.86124420166016,69.54865264892578,68.67195892333984,947198473.0
1646,2021-10-28,64.4300765991211,64.4300765991211,61.52543258666992,64.93131256103516,61.52543258666992,593781415.0
1647,2021-10-29,64.77246856689453,64.77246856689453,63.538700103759766,66.12731170654297,64.38318634033203,390478927.0
1648,2021-10-30,62.41526794433594,62.41526794433594,61.09536361694336,64.77537536621094,64.73323822021484,340551397.0
1649,2021-10-31,64.28780364990234,64.28780364990234,60.34103393554688,64.43634033203125,62.31325149536133,385833917.0
1650,2021-11-01,65.07251739501953,65.07251739501953,62.35919189453125,66.68616485595703,64.499267578125,553398869.0
1651,2021-11-02,67.58455657958984,67.58455657958984,64.34379577636719,68.04741668701172,64.96826934814453,437288365.0
1652,2021-11-03,75.430419921875,75.430419921875,67.15084075927734,75.5360336303711,67.77308654785156,1110753061.0
1653,2021-11-04,79.29322052001953,79.29322052001953,74.12528228759766,80.96538543701172,75.57763671875,1139576690.0
1654,2021-11-05,74.36473846435547,74.36473846435547,72.4581527709961,81.07434844970703,79.04759979248047,593374945.0
1655,2021-11-06,78.6852035522461,78.6852035522461,72.51919555664062,78.6852035522461,74.2966537475586,487295739.0
1656,2021-11-07,87.7054214477539,87.7054214477539,78.13878631591797,88.83885955810547,78.805908203125,1321363546.0
1657,2021-11-08,91.18478393554688,91.18478393554688,83.72738647460938,96.91317749023438,87.70599365234375,1954611681.0
1658,2021-11-09,88.45486450195312,88.45486450195312,87.08097076416016,91.53675079345705,91.07372283935548,780284087.0
1659,2021-11-10,85.29527282714844,85.29527282714844,78.64884185791016,94.02408599853516,88.30364990234375,1297653103.0
1660,2021-11-11,88.06133270263672,88.06133270263672,83.8404769897461,89.5385513305664,85.38166809082031,661012573.0
1661,2021-11-12,84.72491455078125,84.72491455078125,81.3184814453125,89.97445678710938,87.87525939941406,676532796.0
1662,2021-11-13,97.26046752929688,97.26046752929688,84.79679107666016,98.4414291381836,84.79679107666016,1144798693.0
1663,2021-11-14,95.4035415649414,95.4035415649414,91.8102798461914,99.8833465576172,97.55558013916016,1142384672.0
1664,2021-11-15,93.55023193359376,93.55023193359376,92.25428771972656,101.58605194091795,95.42015075683594,1202984508.0
1665,2021-11-16,97.97557067871094,97.97557067871094,84.00017547607422,101.86246490478516,94.0317840576172,1843490926.0
1666,2021-11-17,107.80207824707033,107.80207824707033,94.12252044677734,110.03197479248048,98.0262451171875,2393292480.0
1667,2021-11-18,100.25276947021484,100.25276947021484,92.3647232055664,110.30876159667967,107.58499908447266,1920193319.0
1668,2021-11-19,112.0235595703125,112.0235595703125,96.0714874267578,112.11190795898438,100.45767211914062,1562347126.0
1669,2021-11-20,125.7706298828125,125.7706298828125,111.91291809082033,129.93348693847656,112.08431243896484,2291581571.0
1670,2021-11-21,128.59982299804688,128.59982299804688,123.5483627319336,146.21786499023438,125.82982635498048,3379295976.0
1671,2021-11-22,134.53103637695312,134.53103637695312,126.19261169433594,144.8818817138672,128.78257751464844,3211306704.0
1672,2021-11-23,123.83104705810548,123.83104705810548,122.1111068725586,136.53814697265625,134.8655548095703,1959122592.0
1673,2021-11-24,120.22818756103516,120.22818756103516,113.00045776367188,124.50963592529295,123.87862396240234,1902624284.0
1674,2021-11-25,122.64852905273438,122.64852905273438,114.35224151611328,130.04270935058594,115.08684539794922,2233964558.0
1675,2021-11-26,103.82958221435548,103.82958221435548,102.0291519165039,119.82817840576172,119.16424560546876,1712875693.0
1676,2021-11-27,113.27664947509766,113.27664947509766,103.33889770507812,118.07991027832033,104.30207824707033,1211028703.0
1677,2021-11-28,110.58901977539062,110.58901977539062,101.44112396240234,114.00462341308594,113.75386810302734,1422129303.0
1678,2021-11-29,120.25830078125,120.25830078125,109.4160385131836,120.25830078125,110.49513244628906,1227497076.0
1679,2021-11-30,120.34369659423828,120.34369659423828,114.48907470703124,124.55531311035156,120.44221496582033,1734884533.0
1680,2021-12-01,119.75084686279295,119.75084686279295,117.50407409667967,127.33001708984376,120.2483139038086,1437422167.0
1681,2021-12-02,107.86654663085938,107.86654663085938,107.2265396118164,119.70713806152344,119.68126678466795,1117942461.0
1682,2021-12-03,108.13784790039062,108.13784790039062,100.80210876464844,113.17337036132812,107.86829376220705,1379333420.0
1683,2021-12-04,92.88023376464844,92.88023376464844,77.02176666259766,108.76348114013672,108.73534393310548,2100725079.0
1684,2021-12-05,85.79002380371094,85.79002380371094,82.75007629394531,95.31195068359376,93.0193862915039,1220952521.0
1685,2021-12-06,93.31929779052734,93.31929779052734,77.19004821777344,94.89966583251952,86.47801971435547,1786165231.0
1686,2021-12-07,89.95217895507812,89.95217895507812,88.14965057373047,96.67762756347656,93.34741973876952,1066934424.0
1687,2021-12-08,93.22105407714844,93.22105407714844,86.7750473022461,93.24251556396484,89.689697265625,736763695.0
1688,2021-12-09,85.4617691040039,85.4617691040039,83.38975524902344,94.49478149414062,93.0343017578125,918578963.0
1689,2021-12-10,80.73967742919922,80.73967742919922,80.71823120117188,91.7380599975586,85.55989074707031,1031654019.0
1690,2021-12-11,86.39281463623047,86.39281463623047,79.29241943359375,86.99547576904297,80.78770446777344,807032061.0
1691,2021-12-12,88.10911560058594,88.10911560058594,83.03515625,88.9035415649414,86.42890930175781,595911581.0
1692,2021-12-13,79.14962768554688,79.14962768554688,75.78592681884766,90.01011657714844,88.10356140136719,1146609022.0
1693,2021-12-14,87.31190490722656,87.31190490722656,76.62258911132812,87.49442291259766,79.05278015136719,1039726774.0
1694,2021-12-15,101.18144989013672,101.18144989013672,86.30692291259766,105.26960754394533,87.27359008789062,2397339948.0
1695,2021-12-16,98.40188598632812,98.40188598632812,98.1049575805664,109.77005004882812,101.20960235595705,1843664083.0
1696,2021-12-17,111.0087661743164,111.0087661743164,98.18189239501952,115.90923309326172,98.18189239501952,2509017517.0
1697,2021-12-18,116.0168685913086,116.0168685913086,105.63433074951172,117.37393188476562,111.01048278808594,1589986609.0
1698,2021-12-19,107.6737823486328,107.6737823486328,106.94422149658205,116.6953125,115.85147857666016,1025197695.0
1699,2021-12-20,113.40851593017578,113.40851593017578,101.05682373046876,115.92378997802734,107.68035125732422,2014776080.0
1700,2021-12-21,123.33294677734376,123.33294677734376,110.93278503417967,124.01820373535156,113.4013442993164,1732104245.0
1701,2021-12-22,116.47735595703124,116.47735595703124,116.06968688964844,127.42166137695312,123.37736511230467,1353772414.0
1702,2021-12-23,121.20996856689452,121.20996856689452,116.47274017333984,124.98141479492188,116.7321319580078,1261376043.0
1703,2021-12-24,114.97645568847656,114.97645568847656,113.66439056396484,124.61206817626952,121.40023040771484,1136972581.0
1704,2021-12-25,115.03192901611328,115.03192901611328,112.56621551513672,117.17230224609376,115.06106567382812,878551694.0
1705,2021-12-26,115.21482849121094,115.21482849121094,109.57318878173828,117.93435668945312,115.00640106201172,963393172.0
1706,2021-12-27,113.59861755371094,113.59861755371094,113.39905548095705,120.84335327148438,115.11151123046876,942094550.0
1707,2021-12-28,107.21561431884766,107.21561431884766,104.70208740234376,116.6115264892578,113.75952911376952,1435837733.0
1708,2021-12-29,102.99812316894533,102.99812316894533,102.69532775878906,110.5587158203125,107.12451934814452,1091704197.0
1709,2021-12-30,101.92827606201172,101.92827606201172,98.32600402832033,105.36145782470705,103.09717559814452,1015886046.0
1710,2021-12-31,109.2704849243164,109.2704849243164,100.36100769042967,111.50146484375,101.84952545166016,1323734905.0
1711,2022-01-01,114.15801239013672,114.15801239013672,108.72711944580078,114.22386169433594,109.3815689086914,784319683.0
1712,2022-01-02,113.18633270263672,113.18633270263672,112.21388244628906,117.31509399414062,114.20470428466795,777052324.0
1713,2022-01-03,108.14521026611328,108.14521026611328,106.4570541381836,113.9012680053711,113.17340850830078,894675873.0
1714,2022-01-04,103.23924255371094,103.23924255371094,103.23924255371094,109.1161117553711,108.14706420898438,918513472.0
1715,2022-01-05,97.85257720947266,97.85257720947266,91.3768539428711,106.46910858154295,103.26068115234376,1168896098.0
1716,2022-01-06,95.19853973388672,95.19853973388672,91.26378631591795,97.83151245117188,97.83151245117188,909261500.0
1717,2022-01-07,86.76771545410156,86.76771545410156,85.43051147460938,95.29039001464844,95.1787109375,1163318424.0
1718,2022-01-08,84.05683898925781,84.05683898925781,79.60858917236328,89.4328384399414,86.75174713134766,1021954391.0
1719,2022-01-09,89.20655822753906,89.20655822753906,82.92852783203125,91.79698944091795,84.04851531982422,900030318.0
1720,2022-01-10,84.5326156616211,84.5326156616211,80.86058807373047,90.84400939941406,89.2571029663086,1138103402.0
1721,2022-01-11,89.50181579589844,89.50181579589844,83.47099304199219,90.85680389404295,84.52545928955078,719261554.0
1722,2022-01-12,95.8235092163086,95.8235092163086,88.98726654052734,96.76172637939452,89.52240753173828,962440339.0
1723,2022-01-13,89.40788269042969,89.40788269042969,89.40788269042969,97.10579681396484,95.8235092163086,756890649.0
1724,2022-01-14,90.3405303955078,90.3405303955078,87.66128540039062,91.63262939453124,89.4791030883789,640737088.0
1725,2022-01-15,93.3158187866211,93.3158187866211,89.82750701904297,94.32180786132812,90.35389709472656,514349943.0
1726,2022-01-16,92.23979949951172,92.23979949951172,92.00743103027344,94.83049774169922,93.30461120605467,498172515.0
1727,2022-01-17,86.75066375732422,86.75066375732422,85.69480895996094,92.41230010986328,92.25555419921876,613946950.0
1728,2022-01-18,86.01341247558594,86.01341247558594,83.92218017578125,87.32592010498047,86.7541275024414,519434644.0
1729,2022-01-19,82.90330505371094,82.90330505371094,81.42071533203125,86.35029602050781,86.02388763427734,538783322.0
1730,2022-01-20,79.0684585571289,79.0684585571289,79.0684585571289,87.64208984375,82.89617919921875,301646934.0
1731,2022-01-21,65.92256164550781,65.92256164550781,64.55644989013672,80.30150604248047,79.13545227050781,1061162871.0
1732,2022-01-22,59.72904968261719,59.72904968261719,53.939334869384766,67.46713256835938,65.96820831298828,1333878308.0
1733,2022-01-23,64.72541046142578,64.72541046142578,59.43529510498047,66.7040023803711,59.79318237304688,897015183.0
1734,2022-01-24,62.87763214111328,62.87763214111328,55.57115173339844,64.80488586425781,64.75294494628906,1159701823.0
1735,2022-01-25,67.90058898925781,67.90058898925781,61.89265441894531,70.34447479248047,62.8973388671875,994124979.0
1736,2022-01-26,65.99578857421875,65.99578857421875,64.65972900390625,72.9193344116211,67.89398956298828,1166402419.0
1737,2022-01-27,64.69680786132812,64.69680786132812,61.33854293823242,67.78236389160156,65.96631622314453,798856523.0
1738,2022-01-28,67.12731170654297,67.12731170654297,61.94146728515625,67.32410430908203,64.63536071777344,664566075.0
1739,2022-01-29,72.12027740478516,72.12027740478516,67.0089111328125,73.44132995605469,67.1183853149414,697610539.0
1740,2022-01-30,67.97378540039062,67.97378540039062,67.01190948486328,72.23008728027344,72.10572052001953,534098086.0
1741,2022-01-31,69.99242401123047,69.99242401123047,64.40384674072266,70.55558776855469,67.982177734375,700410198.0
1742,2022-02-01,73.44881439208984,73.44881439208984,68.84741973876953,73.74280548095703,69.98311614990234,843353375.0
1743,2022-02-02,67.87997436523438,67.87997436523438,67.75288391113281,74.50801849365234,73.43240356445312,875718764.0
1744,2022-02-03,68.10771942138672,68.10771942138672,65.3459701538086,68.85530090332031,67.86044311523438,695260121.0
1745,2022-02-04,77.31163787841797,77.31163787841797,67.62190246582031,77.4994888305664,68.10842895507812,965938411.0
1746,2022-02-05,77.2494888305664,77.2494888305664,75.34907531738281,80.75987243652344,77.46501159667969,797735218.0
1747,2022-02-06,78.75726318359375,78.75726318359375,74.62030029296875,78.92948913574219,77.24199676513672,506746738.0
1748,2022-02-07,83.16699981689453,83.16699981689453,77.64534759521484,85.17305755615234,78.79586791992188,912462594.0
1749,2022-02-08,86.62419891357422,86.62419891357422,82.05577850341797,92.3720245361328,83.21994018554688,2252177846.0
1750,2022-02-09,90.02086639404297,90.02086639404297,84.78197479248047,91.92845916748048,86.54501342773438,1053167954.0
1751,2022-02-10,91.13622283935548,91.13622283935548,85.36730194091797,94.98809814453124,90.02754211425781,1616543856.0
1752,2022-02-11,81.73299407958984,81.73299407958984,80.30863952636719,92.49352264404295,91.16791534423828,1323311027.0
1753,2022-02-12,81.24567413330078,81.24567413330078,79.08057403564453,84.71503448486328,81.75880432128906,1123397419.0
1754,2022-02-13,78.24311828613281,78.24311828613281,77.7585220336914,83.24366760253906,81.21289825439453,676959728.0
1755,2022-02-14,82.01966857910156,82.01966857910156,76.42424011230469,82.52238464355469,78.19771575927734,865000799.0
1756,2022-02-15,92.67250061035156,92.67250061035156,81.59640502929688,93.4301528930664,82.03217315673828,1272958909.0
1757,2022-02-16,95.34611511230467,95.34611511230467,91.8302993774414,97.04877471923828,92.75029754638672,1729554621.0
1758,2022-02-17,88.12377166748047,88.12377166748047,86.66361999511719,98.5736846923828,95.24654388427734,1798309218.0
1759,2022-02-18,83.83697509765625,83.83697509765625,82.8497543334961,89.93944549560547,88.22450256347656,1283023478.0
1760,2022-02-19,85.09931945800781,85.09931945800781,81.18479919433594,86.30641174316406,83.8233413696289,850252533.0
1761,2022-02-20,77.33678436279297,77.33678436279297,76.74273681640625,85.54019165039062,85.10826873779297,984477195.0
1762,2022-02-21,69.98892974853516,69.98892974853516,69.78959655761719,82.57675170898438,77.30107116699219,1626858109.0
1763,2022-02-22,74.57435607910156,74.57435607910156,67.46479797363281,74.75762939453125,69.99714660644531,1344001591.0
1764,2022-02-23,73.6986312866211,73.6986312866211,73.6986312866211,81.83544158935547,74.54203033447266,1699396767.0
1765,2022-02-24,76.52396392822266,76.52396392822266,64.83141326904297,79.31600952148438,73.66973114013672,3097306165.0
1766,2022-02-25,80.8326187133789,80.8326187133789,72.94703674316406,81.85987091064453,76.53705596923828,1884195969.0
1767,2022-02-26,81.87970733642578,81.87970733642578,78.50370788574219,84.87239837646484,80.84786224365234,1419135253.0
1768,2022-02-27,74.9911880493164,74.9911880493164,73.75102233886719,82.26481628417969,81.79342651367188,1577126485.0
1769,2022-02-28,84.3392333984375,84.3392333984375,72.12709045410156,85.3944320678711,74.9775390625,1906636314.0
1770,2022-03-01,86.73593139648438,86.73593139648438,83.9691390991211,90.67776489257812,84.3472671508789,2279596412.0
1771,2022-03-02,83.29166412353516,83.29166412353516,82.61300659179688,89.7020492553711,86.74607849121094,1610175795.0
1772,2022-03-03,78.55764770507812,78.55764770507812,77.35932159423828,84.25336456298828,83.30426788330078,1534290692.0
1773,2022-03-04,75.65424346923828,75.65424346923828,75.15409851074219,82.02667999267578,78.61939239501953,1871411668.0
1774,2022-03-05,76.72742462158203,76.72742462158203,73.64894104003906,78.55117797851562,75.69320678710938,993285550.0
1775,2022-03-06,72.52902221679688,72.52902221679688,72.52902221679688,76.99642944335938,76.73682403564453,913541519.0
1776,2022-03-07,71.88053894042969,71.88053894042969,70.72230529785156,76.42012786865234,72.52704620361328,1144242245.0
1777,2022-03-08,72.9183578491211,72.9183578491211,71.50283813476562,76.38349914550781,71.8689193725586,1344906811.0
1778,2022-03-09,77.71604919433594,77.71604919433594,72.57721710205078,80.16046905517578,72.94807434082031,1650128263.0
1779,2022-03-10,74.00409698486328,74.00409698486328,71.97984313964844,78.89118194580078,77.67362976074219,1200529915.0
1780,2022-03-11,71.2354736328125,71.2354736328125,70.99771118164062,76.78015899658203,74.00333404541016,1603071548.0
1781,2022-03-12,71.002197265625,71.002197265625,70.99976348876953,73.5116958618164,71.23540496826172,635273265.0
1782,2022-03-13,68.07599639892578,68.07599639892578,67.58920288085938,71.92495727539062,70.9842300415039,660710560.0
1783,2022-03-14,68.89183807373047,68.89183807373047,65.81455993652344,71.4081802368164,68.07355499267578,1321137130.0
1784,2022-03-15,69.88738250732422,69.88738250732422,66.21990203857422,72.09981536865234,68.96440887451172,1034368302.0
1785,2022-03-16,74.18374633789062,74.18374633789062,68.17473602294922,74.55248260498047,69.87517547607422,1185387027.0
1786,2022-03-17,79.53851318359375,79.53851318359375,73.29824829101562,81.48091125488281,74.16508483886719,1764529990.0
1787,2022-03-18,85.76238250732422,85.76238250732422,76.74211120605469,86.72459411621094,79.54116821289062,1877327168.0
1788,2022-03-19,89.69412231445312,89.69412231445312,85.71045684814453,92.08910369873048,85.74703979492188,1841027125.0
1789,2022-03-20,84.72430419921875,84.72430419921875,84.63639831542969,89.90343475341797,89.67147827148438,1451610365.0
1790,2022-03-21,86.44969940185547,86.44969940185547,83.44412994384766,92.30826568603516,84.70832824707031,2083892142.0
1791,2022-03-22,83.9814453125,83.9814453125,83.87718963623047,89.70365905761719,86.41817474365234,1746085611.0
1792,2022-03-23,86.25101470947266,86.25101470947266,82.52220153808594,86.89187622070312,83.998291015625,1478084261.0
1793,2022-03-24,87.55538940429688,87.55538940429688,83.86492919921875,88.10556030273438,86.23018646240234,1626542540.0
1794,2022-03-25,83.66136932373047,83.66136932373047,82.8082504272461,87.62972259521484,87.5485610961914,1128008708.0
1795,2022-03-26,85.95565032958984,85.95565032958984,82.61127471923828,86.6893081665039,83.6706314086914,666311785.0
1796,2022-03-27,89.82484436035156,89.82484436035156,84.56608581542969,89.82484436035156,85.95684814453125,759068100.0
1797,2022-03-28,89.60455322265625,89.60455322265625,88.66339111328125,96.07585144042967,89.84290313720703,1758254790.0
1798,2022-03-29,92.84088897705078,92.84088897705078,89.51457214355469,95.8762664794922,89.52398681640625,1642341694.0
1799,2022-03-30,95.7799835205078,95.7799835205078,90.0029525756836,100.07888793945312,92.81395721435548,1755845999.0
1800,2022-03-31,96.9246597290039,96.9246597290039,94.2611083984375,101.68537902832033,95.6927490234375,2201715680.0
1801,2022-04-01,96.69318389892578,96.69318389892578,90.77760314941406,99.65304565429688,97.12114715576172,1744656244.0
1802,2022-04-02,95.9732666015625,95.9732666015625,95.93728637695312,103.52545166015624,96.72045135498048,1575851403.0
1803,2022-04-03,98.0777816772461,98.0777816772461,94.85418701171876,100.01913452148438,95.99992370605467,1288604372.0
1804,2022-04-04,95.5202178955078,95.5202178955078,91.22624969482422,98.05685424804688,98.05685424804688,1197451977.0
1805,2022-04-05,91.0210952758789,91.0210952758789,90.96595764160156,97.57859802246094,95.60272216796876,1070364448.0
1806,2022-04-06,82.9559097290039,82.9559097290039,82.89397430419922,91.05126953125,91.02946472167967,1473087038.0
1807,2022-04-07,87.91970825195312,87.91970825195312,81.84669494628906,88.46659088134766,82.98177337646484,1374726630.0
1808,2022-04-08,83.76922607421875,83.76922607421875,82.90959167480469,90.25079345703124,87.91751098632812,1367418313.0
1809,2022-04-09,84.5946273803711,84.5946273803711,82.50260162353516,85.4719467163086,83.75732421875,620536895.0
1810,2022-04-10,81.81646728515625,81.81646728515625,81.81646728515625,85.60157012939453,84.59681701660156,488065132.0
1811,2022-04-11,74.17261505126953,74.17261505126953,72.96929168701172,81.72069549560547,81.72069549560547,1152269023.0
1812,2022-04-12,76.36006164550781,76.36006164550781,74.1196517944336,79.34767150878906,74.20098114013672,889066929.0
1813,2022-04-13,80.0019760131836,80.0019760131836,76.06209564208984,80.61235809326172,76.34928131103516,734210623.0
1814,2022-04-14,76.81785583496094,76.81785583496094,76.45448303222656,81.74100494384766,80.02734375,711767575.0
1815,2022-04-15,77.43753814697266,77.43753814697266,75.05558776855469,78.46714782714844,76.8251953125,501963226.0
1816,2022-04-16,77.89026641845703,77.89026641845703,76.64862823486328,78.195556640625,77.43280792236328,290431497.0
1817,2022-04-17,75.70925903320312,75.70925903320312,75.26419067382812,78.65758514404297,77.86265563964844,322395973.0
1818,2022-04-18,77.7936782836914,77.7936782836914,72.0877456665039,77.88796997070312,75.70147705078125,681155455.0
1819,2022-04-19,80.28591918945312,80.28591918945312,76.90033721923828,80.95672607421875,77.79027557373047,591702355.0
1820,2022-04-20,78.27433013916016,78.27433013916016,77.62374877929688,81.23233032226562,80.29051971435547,622981657.0
1821,2022-04-21,75.08074188232422,75.08074188232422,74.4122543334961,80.00830078125,78.26864624023438,569385150.0
1822,2022-04-22,74.12296295166016,74.12296295166016,73.49015808105469,77.15242004394531,75.08464813232422,532238762.0
1823,2022-04-23,72.92001342773438,72.92001342773438,72.63258361816406,74.36929321289062,74.12747955322266,360787956.0
1824,2022-04-24,71.60303497314453,71.60303497314453,71.34202575683594,73.43700408935547,72.89273071289062,320340266.0
1825,2022-04-25,72.86742401123047,72.86742401123047,67.56388854980469,72.90454864501953,71.6065673828125,735322462.0
